dimension,category,analysis_group,year,pct_uninsured,row_label,row_order
Income,At or below 138% of poverty (eligible),Expanded 2014,2020,17.57,Income at or below 138% of poverty (eligible),1
Income,138-400% of poverty (not eligible),Not expanded by 2023,2023,19.46,Income 138-400% of poverty (not eligible),2
Income,138-400% of poverty (not eligible),Expanded 2014,2018,13.28,Income 138-400% of poverty (not eligible),2
Income,138-400% of poverty (not eligible),Not expanded by 2023,2017,20.76,Income 138-400% of poverty (not eligible),2
Income,At or below 138% of poverty (eligible),Not expanded by 2023,2014,40.17,Income at or below 138% of poverty (eligible),1
Income,138-400% of poverty (not eligible),Expanded 2014,2012,24.00,Income 138-400% of poverty (not eligible),2
Income,At or below 138% of poverty (eligible),Not expanded by 2023,2023,29.42,Income at or below 138% of poverty (eligible),1
Income,138-400% of poverty (not eligible),Expanded 2014,2019,14.47,Income 138-400% of poverty (not eligible),2
Income,At or below 138% of poverty (eligible),Not expanded by 2023,2008,46.88,Income at or below 138% of poverty (eligible),1
Income,138-400% of poverty (not eligible),Expanded 2014,2020,13.73,Income 138-400% of poverty (not eligible),2
Income,138-400% of poverty (not eligible),Expanded 2014,2014,17.62,Income 138-400% of poverty (not eligible),2
Income,At or below 138% of poverty (eligible),Not expanded by 2023,2017,34.60,Income at or below 138% of poverty (eligible),1
Income,138-400% of poverty (not eligible),Expanded 2014,2013,23.62,Income 138-400% of poverty (not eligible),2
Income,At or below 138% of poverty (eligible),Expanded 2014,2013,37.42,Income at or below 138% of poverty (eligible),1
Income,At or below 138% of poverty (eligible),Expanded 2014,2011,39.35,Income at or below 138% of poverty (eligible),1
Income,138-400% of poverty (not eligible),Not expanded by 2023,2021,21.68,Income 138-400% of poverty (not eligible),2
Income,At or below 138% of poverty (eligible),Not expanded by 2023,2012,46.90,Income at or below 138% of poverty (eligible),1
Income,At or below 138% of poverty (eligible),Not expanded by 2023,2009,48.29,Income at or below 138% of poverty (eligible),1
Income,At or below 138% of poverty (eligible),Expanded 2014,2019,18.10,Income at or below 138% of poverty (eligible),1
Income,At or below 138% of poverty (eligible),Not expanded by 2023,2019,35.40,Income at or below 138% of poverty (eligible),1
Income,At or below 138% of poverty (eligible),Not expanded by 2023,2021,33.65,Income at or below 138% of poverty (eligible),1
Income,138-400% of poverty (not eligible),Not expanded by 2023,2012,27.30,Income 138-400% of poverty (not eligible),2
Income,138-400% of poverty (not eligible),Expanded 2014,2017,12.70,Income 138-400% of poverty (not eligible),2
Income,At or below 138% of poverty (eligible),Expanded 2014,2010,40.52,Income at or below 138% of poverty (eligible),1
Income,At or below 138% of poverty (eligible),Not expanded by 2023,2020,34.38,Income at or below 138% of poverty (eligible),1
Income,At or below 138% of poverty (eligible),Not expanded by 2023,2011,48.24,Income at or below 138% of poverty (eligible),1
Income,At or below 138% of poverty (eligible),Not expanded by 2023,2022,30.66,Income at or below 138% of poverty (eligible),1
Income,138-400% of poverty (not eligible),Not expanded by 2023,2020,21.73,Income 138-400% of poverty (not eligible),2
Income,At or below 138% of poverty (eligible),Expanded 2014,2008,38.89,Income at or below 138% of poverty (eligible),1
Income,At or below 138% of poverty (eligible),Not expanded by 2023,2018,34.35,Income at or below 138% of poverty (eligible),1
Income,At or below 138% of poverty (eligible),Not expanded by 2023,2016,34.04,Income at or below 138% of poverty (eligible),1
Income,138-400% of poverty (not eligible),Not expanded by 2023,2019,22.38,Income 138-400% of poverty (not eligible),2
Income,138-400% of poverty (not eligible),Not expanded by 2023,2015,20.23,Income 138-400% of poverty (not eligible),2
Income,138-400% of poverty (not eligible),Not expanded by 2023,2018,21.49,Income 138-400% of poverty (not eligible),2
Income,138-400% of poverty (not eligible),Expanded 2014,2021,13.25,Income 138-400% of poverty (not eligible),2
Income,At or below 138% of poverty (eligible),Expanded 2014,2009,39.95,Income at or below 138% of poverty (eligible),1
Income,At or below 138% of poverty (eligible),Not expanded by 2023,2015,35.89,Income at or below 138% of poverty (eligible),1
Income,At or below 138% of poverty (eligible),Expanded 2014,2022,16.02,Income at or below 138% of poverty (eligible),1
Income,At or below 138% of poverty (eligible),Expanded 2014,2016,17.67,Income at or below 138% of poverty (eligible),1
Income,At or below 138% of poverty (eligible),Expanded 2014,2017,17.36,Income at or below 138% of poverty (eligible),1
Income,138-400% of poverty (not eligible),Expanded 2014,2022,12.38,Income 138-400% of poverty (not eligible),2
Income,At or below 138% of poverty (eligible),Expanded 2014,2014,27.23,Income at or below 138% of poverty (eligible),1
Income,138-400% of poverty (not eligible),Not expanded by 2023,2016,19.72,Income 138-400% of poverty (not eligible),2
Income,At or below 138% of poverty (eligible),Not expanded by 2023,2013,45.94,Income at or below 138% of poverty (eligible),1
Income,At or below 138% of poverty (eligible),Not expanded by 2023,2010,49.00,Income at or below 138% of poverty (eligible),1
Income,138-400% of poverty (not eligible),Not expanded by 2023,2022,20.06,Income 138-400% of poverty (not eligible),2
Income,At or below 138% of poverty (eligible),Expanded 2014,2018,17.33,Income at or below 138% of poverty (eligible),1
Income,138-400% of poverty (not eligible),Expanded 2014,2015,13.42,Income 138-400% of poverty (not eligible),2
Income,138-400% of poverty (not eligible),Expanded 2014,2016,12.35,Income 138-400% of poverty (not eligible),2
Income,138-400% of poverty (not eligible),Not expanded by 2023,2014,23.16,Income 138-400% of poverty (not eligible),2
Income,At or below 138% of poverty (eligible),Expanded 2014,2012,38.65,Income at or below 138% of poverty (eligible),1
Income,At or below 138% of poverty (eligible),Expanded 2014,2023,15.95,Income at or below 138% of poverty (eligible),1
Income,At or below 138% of poverty (eligible),Expanded 2014,2015,20.13,Income at or below 138% of poverty (eligible),1
Income,138-400% of poverty (not eligible),Not expanded by 2023,2013,27.18,Income 138-400% of poverty (not eligible),2
Income,At or below 138% of poverty (eligible),Expanded 2014,2021,17.39,Income at or below 138% of poverty (eligible),1
Income,138-400% of poverty (not eligible),Expanded 2014,2023,12.40,Income 138-400% of poverty (not eligible),2
Area,Remote rural,Expanded 2014,2016,15.07,Remote rural counties,5
Area,Metro,Not expanded by 2023,2010,50.27,Metro counties,3
Area,Remote rural,Expanded 2014,2011,36.94,Remote rural counties,5
Area,Remote rural,Not expanded by 2023,2010,44.43,Remote rural counties,5
Area,Metro,Not expanded by 2023,2022,31.45,Metro counties,3
Area,"Rural, near a metro",Expanded 2014,2016,14.95,Rural counties near a metro,4
Area,"Rural, near a metro",Not expanded by 2023,2008,41.13,Rural counties near a metro,4
Area,Remote rural,Expanded 2014,2018,15.15,Remote rural counties,5
Area,"Rural, near a metro",Not expanded by 2023,2012,41.99,Rural counties near a metro,4
Area,Metro,Expanded 2014,2010,41.28,Metro counties,3
Area,"Rural, near a metro",Expanded 2014,2013,33.95,Rural counties near a metro,4
Area,Remote rural,Expanded 2014,2009,38.39,Remote rural counties,5
Area,Metro,Expanded 2014,2022,16.43,Metro counties,3
Area,Remote rural,Expanded 2014,2023,13.56,Remote rural counties,5
Area,"Rural, near a metro",Expanded 2014,2012,35.00,Rural counties near a metro,4
Area,Metro,Not expanded by 2023,2016,34.74,Metro counties,3
Area,Remote rural,Not expanded by 2023,2011,43.64,Remote rural counties,5
Area,"Rural, near a metro",Not expanded by 2023,2022,26.70,Rural counties near a metro,4
Area,Remote rural,Not expanded by 2023,2022,28.35,Remote rural counties,5
Area,"Rural, near a metro",Expanded 2014,2014,23.16,Rural counties near a metro,4
Area,Metro,Expanded 2014,2008,39.66,Metro counties,3
Area,Metro,Expanded 2014,2021,17.86,Metro counties,3
Area,"Rural, near a metro",Expanded 2014,2021,15.19,Rural counties near a metro,4
Area,"Rural, near a metro",Expanded 2014,2010,36.87,Rural counties near a metro,4
Area,"Rural, near a metro",Not expanded by 2023,2020,30.73,Rural counties near a metro,4
Area,Metro,Expanded 2014,2018,17.76,Metro counties,3
Area,Metro,Not expanded by 2023,2019,36.23,Metro counties,3
Area,Metro,Not expanded by 2023,2018,35.08,Metro counties,3
Area,Metro,Not expanded by 2023,2011,49.44,Metro counties,3
Area,Remote rural,Not expanded by 2023,2021,31.11,Remote rural counties,5
Area,"Rural, near a metro",Not expanded by 2023,2010,43.57,Rural counties near a metro,4
Area,"Rural, near a metro",Expanded 2014,2023,13.92,Rural counties near a metro,4
Area,"Rural, near a metro",Expanded 2014,2015,16.83,Rural counties near a metro,4
Area,Remote rural,Not expanded by 2023,2013,41.78,Remote rural counties,5
Area,Remote rural,Not expanded by 2023,2015,33.93,Remote rural counties,5
Area,Remote rural,Expanded 2014,2010,38.27,Remote rural counties,5
Area,"Rural, near a metro",Expanded 2014,2017,14.99,Rural counties near a metro,4
Area,"Rural, near a metro",Expanded 2014,2022,13.91,Rural counties near a metro,4
Area,Metro,Not expanded by 2023,2014,40.93,Metro counties,3
Area,Metro,Not expanded by 2023,2008,48.41,Metro counties,3
Area,Metro,Expanded 2014,2015,20.67,Metro counties,3
Area,"Rural, near a metro",Expanded 2014,2011,35.94,Rural counties near a metro,4
Area,Remote rural,Not expanded by 2023,2008,41.33,Remote rural counties,5
Area,"Rural, near a metro",Not expanded by 2023,2023,25.51,Rural counties near a metro,4
Area,"Rural, near a metro",Not expanded by 2023,2009,43.30,Rural counties near a metro,4
Area,"Rural, near a metro",Not expanded by 2023,2019,31.46,Rural counties near a metro,4
Area,Remote rural,Expanded 2014,2019,16.06,Remote rural counties,5
Area,Remote rural,Not expanded by 2023,2014,37.40,Remote rural counties,5
Area,Metro,Expanded 2014,2014,28.02,Metro counties,3
Area,Metro,Expanded 2014,2017,17.80,Metro counties,3
Area,"Rural, near a metro",Not expanded by 2023,2013,41.33,Rural counties near a metro,4
Area,Remote rural,Not expanded by 2023,2020,31.84,Remote rural counties,5
Area,Metro,Not expanded by 2023,2015,36.57,Metro counties,3
Area,Metro,Expanded 2014,2016,18.18,Metro counties,3
Area,"Rural, near a metro",Not expanded by 2023,2018,30.83,Rural counties near a metro,4
Area,"Rural, near a metro",Not expanded by 2023,2017,31.15,Rural counties near a metro,4
Area,Remote rural,Expanded 2014,2020,15.33,Remote rural counties,5
Area,Remote rural,Not expanded by 2023,2023,26.30,Remote rural counties,5
Area,Remote rural,Expanded 2014,2012,36.23,Remote rural counties,5
Area,"Rural, near a metro",Not expanded by 2023,2016,30.68,Rural counties near a metro,4
Area,Metro,Not expanded by 2023,2021,34.47,Metro counties,3
Area,Metro,Expanded 2014,2009,40.61,Metro counties,3
Area,"Rural, near a metro",Expanded 2014,2009,36.93,Rural counties near a metro,4
Area,Remote rural,Not expanded by 2023,2009,43.95,Remote rural counties,5
Area,Metro,Not expanded by 2023,2009,49.49,Metro counties,3
Area,Metro,Expanded 2014,2019,18.54,Metro counties,3
Area,Remote rural,Expanded 2014,2022,13.74,Remote rural counties,5
Area,Remote rural,Expanded 2014,2021,14.95,Remote rural counties,5
Area,Metro,Expanded 2014,2012,39.38,Metro counties,3
Area,Remote rural,Expanded 2014,2014,23.64,Remote rural counties,5
Area,Metro,Expanded 2014,2011,40.08,Metro counties,3
Area,Remote rural,Expanded 2014,2008,35.70,Remote rural counties,5
Area,Remote rural,Not expanded by 2023,2018,32.16,Remote rural counties,5
Area,"Rural, near a metro",Expanded 2014,2008,36.15,Rural counties near a metro,4
Area,Remote rural,Expanded 2014,2017,15.11,Remote rural counties,5
Area,Metro,Not expanded by 2023,2013,46.99,Metro counties,3
Area,Metro,Expanded 2014,2023,16.33,Metro counties,3
Area,"Rural, near a metro",Expanded 2014,2019,15.71,Rural counties near a metro,4
Area,Remote rural,Expanded 2014,2013,35.47,Remote rural counties,5
Area,Metro,Expanded 2014,2020,18.01,Metro counties,3
Area,Remote rural,Not expanded by 2023,2019,32.78,Remote rural counties,5
Area,"Rural, near a metro",Expanded 2014,2020,15.91,Rural counties near a metro,4
Area,Metro,Not expanded by 2023,2012,48.05,Metro counties,3
Area,Remote rural,Not expanded by 2023,2017,32.44,Remote rural counties,5
Area,Metro,Not expanded by 2023,2020,35.15,Metro counties,3
Area,"Rural, near a metro",Expanded 2014,2018,15.16,Rural counties near a metro,4
Area,Metro,Not expanded by 2023,2023,30.25,Metro counties,3
Area,Metro,Expanded 2014,2013,38.08,Metro counties,3
Area,"Rural, near a metro",Not expanded by 2023,2015,32.58,Rural counties near a metro,4
Area,Metro,Not expanded by 2023,2017,35.32,Metro counties,3
Area,Remote rural,Expanded 2014,2015,17.49,Remote rural counties,5
Area,"Rural, near a metro",Not expanded by 2023,2014,36.70,Rural counties near a metro,4
Area,Remote rural,Not expanded by 2023,2016,31.95,Remote rural counties,5
Area,"Rural, near a metro",Not expanded by 2023,2011,43.13,Rural counties near a metro,4
Area,"Rural, near a metro",Not expanded by 2023,2021,29.66,Rural counties near a metro,4
Area,Remote rural,Not expanded by 2023,2012,42.09,Remote rural counties,5
Race and ethnicity,Hispanic,Not expanded by 2023,2022,47.84,Hispanic,6
Race and ethnicity,Black (non-Hispanic),Not expanded by 2023,2018,28.65,Black (non-Hispanic),7
Race and ethnicity,White (non-Hispanic),Not expanded by 2023,2021,26.86,White (non-Hispanic),8
Race and ethnicity,Black (non-Hispanic),Expanded 2014,2011,32.74,Black (non-Hispanic),7
Race and ethnicity,White (non-Hispanic),Expanded 2014,2011,32.99,White (non-Hispanic),8
Race and ethnicity,Hispanic,Expanded 2014,2022,26.38,Hispanic,6
Race and ethnicity,Hispanic,Expanded 2014,2014,41.48,Hispanic,6
Race and ethnicity,Hispanic,Not expanded by 2023,2008,67.90,Hispanic,6
Race and ethnicity,White (non-Hispanic),Not expanded by 2023,2023,22.84,White (non-Hispanic),8
Race and ethnicity,Black (non-Hispanic),Expanded 2014,2013,31.18,Black (non-Hispanic),7
Race and ethnicity,White (non-Hispanic),Expanded 2014,2022,11.37,White (non-Hispanic),8
Race and ethnicity,White (non-Hispanic),Not expanded by 2023,2020,28.07,White (non-Hispanic),8
Race and ethnicity,Black (non-Hispanic),Expanded 2014,2016,13.23,Black (non-Hispanic),7
Race and ethnicity,Hispanic,Expanded 2014,2019,29.54,Hispanic,6
Race and ethnicity,Black (non-Hispanic),Not expanded by 2023,2010,43.14,Black (non-Hispanic),7
Race and ethnicity,Hispanic,Expanded 2014,2018,27.89,Hispanic,6
Race and ethnicity,Hispanic,Expanded 2014,2017,28.12,Hispanic,6
Race and ethnicity,White (non-Hispanic),Not expanded by 2023,2014,32.79,White (non-Hispanic),8
Race and ethnicity,Hispanic,Not expanded by 2023,2017,51.74,Hispanic,6
Race and ethnicity,Black (non-Hispanic),Not expanded by 2023,2009,41.95,Black (non-Hispanic),7
Race and ethnicity,Black (non-Hispanic),Expanded 2014,2019,14.12,Black (non-Hispanic),7
Race and ethnicity,Hispanic,Not expanded by 2023,2015,53.71,Hispanic,6
Race and ethnicity,White (non-Hispanic),Expanded 2014,2021,12.47,White (non-Hispanic),8
Race and ethnicity,Black (non-Hispanic),Not expanded by 2023,2015,30.47,Black (non-Hispanic),7
Race and ethnicity,White (non-Hispanic),Not expanded by 2023,2008,39.07,White (non-Hispanic),8
Race and ethnicity,Hispanic,Not expanded by 2023,2012,65.75,Hispanic,6
Race and ethnicity,Hispanic,Not expanded by 2023,2021,50.79,Hispanic,6
Race and ethnicity,White (non-Hispanic),Not expanded by 2023,2011,40.25,White (non-Hispanic),8
Race and ethnicity,White (non-Hispanic),Expanded 2014,2010,34.23,White (non-Hispanic),8
Race and ethnicity,Hispanic,Expanded 2014,2009,55.67,Hispanic,6
Race and ethnicity,Black (non-Hispanic),Not expanded by 2023,2011,41.99,Black (non-Hispanic),7
Race and ethnicity,Black (non-Hispanic),Expanded 2014,2010,33.32,Black (non-Hispanic),7
Race and ethnicity,Hispanic,Not expanded by 2023,2010,68.79,Hispanic,6
Race and ethnicity,White (non-Hispanic),Expanded 2014,2018,12.32,White (non-Hispanic),8
Race and ethnicity,White (non-Hispanic),Expanded 2014,2012,32.57,White (non-Hispanic),8
Race and ethnicity,Hispanic,Expanded 2014,2010,55.96,Hispanic,6
Race and ethnicity,Black (non-Hispanic),Expanded 2014,2020,14.23,Black (non-Hispanic),7
Race and ethnicity,Hispanic,Not expanded by 2023,2011,67.50,Hispanic,6
Race and ethnicity,Hispanic,Not expanded by 2023,2023,45.74,Hispanic,6
Race and ethnicity,Black (non-Hispanic),Expanded 2014,2022,12.49,Black (non-Hispanic),7
Race and ethnicity,Black (non-Hispanic),Not expanded by 2023,2022,24.67,Black (non-Hispanic),7
Race and ethnicity,Hispanic,Expanded 2014,2013,51.81,Hispanic,6
Race and ethnicity,Hispanic,Expanded 2014,2023,26.54,Hispanic,6
Race and ethnicity,Black (non-Hispanic),Expanded 2014,2023,12.34,Black (non-Hispanic),7
Race and ethnicity,Black (non-Hispanic),Expanded 2014,2018,14.23,Black (non-Hispanic),7
Race and ethnicity,Hispanic,Not expanded by 2023,2016,52.01,Hispanic,6
Race and ethnicity,Black (non-Hispanic),Not expanded by 2023,2014,34.45,Black (non-Hispanic),7
Race and ethnicity,Black (non-Hispanic),Not expanded by 2023,2008,39.82,Black (non-Hispanic),7
Race and ethnicity,Hispanic,Expanded 2014,2011,54.13,Hispanic,6
Race and ethnicity,White (non-Hispanic),Not expanded by 2023,2019,28.41,White (non-Hispanic),8
Race and ethnicity,White (non-Hispanic),Expanded 2014,2016,12.18,White (non-Hispanic),8
Race and ethnicity,White (non-Hispanic),Not expanded by 2023,2009,39.89,White (non-Hispanic),8
Race and ethnicity,Black (non-Hispanic),Not expanded by 2023,2023,22.74,Black (non-Hispanic),7
Race and ethnicity,Black (non-Hispanic),Not expanded by 2023,2013,40.49,Black (non-Hispanic),7
Race and ethnicity,White (non-Hispanic),Expanded 2014,2017,12.37,White (non-Hispanic),8
Race and ethnicity,Hispanic,Not expanded by 2023,2013,64.54,Hispanic,6
Race and ethnicity,White (non-Hispanic),Expanded 2014,2023,11.32,White (non-Hispanic),8
Race and ethnicity,Hispanic,Not expanded by 2023,2019,53.38,Hispanic,6
Race and ethnicity,Hispanic,Expanded 2014,2016,29.40,Hispanic,6
Race and ethnicity,Hispanic,Expanded 2014,2012,53.07,Hispanic,6
Race and ethnicity,Hispanic,Expanded 2014,2021,28.52,Hispanic,6
Race and ethnicity,Black (non-Hispanic),Not expanded by 2023,2016,27.79,Black (non-Hispanic),7
Race and ethnicity,White (non-Hispanic),Expanded 2014,2019,12.98,White (non-Hispanic),8
Race and ethnicity,Black (non-Hispanic),Expanded 2014,2014,21.58,Black (non-Hispanic),7
Race and ethnicity,Hispanic,Not expanded by 2023,2020,50.34,Hispanic,6
Race and ethnicity,Black (non-Hispanic),Expanded 2014,2017,13.27,Black (non-Hispanic),7
Race and ethnicity,White (non-Hispanic),Expanded 2014,2013,31.09,White (non-Hispanic),8
Race and ethnicity,White (non-Hispanic),Expanded 2014,2014,20.56,White (non-Hispanic),8
Race and ethnicity,White (non-Hispanic),Expanded 2014,2015,13.97,White (non-Hispanic),8
Race and ethnicity,Hispanic,Expanded 2014,2008,55.01,Hispanic,6
Race and ethnicity,Black (non-Hispanic),Expanded 2014,2009,33.50,Black (non-Hispanic),7
Race and ethnicity,Black (non-Hispanic),Not expanded by 2023,2017,28.71,Black (non-Hispanic),7
Race and ethnicity,Hispanic,Expanded 2014,2015,32.80,Hispanic,6
Race and ethnicity,White (non-Hispanic),Expanded 2014,2008,32.50,White (non-Hispanic),8
Race and ethnicity,White (non-Hispanic),Not expanded by 2023,2010,40.60,White (non-Hispanic),8
Race and ethnicity,White (non-Hispanic),Expanded 2014,2020,12.97,White (non-Hispanic),8
Race and ethnicity,Hispanic,Not expanded by 2023,2014,58.21,Hispanic,6
Race and ethnicity,Black (non-Hispanic),Expanded 2014,2021,13.57,Black (non-Hispanic),7
Race and ethnicity,Hispanic,Not expanded by 2023,2018,51.25,Hispanic,6
Race and ethnicity,White (non-Hispanic),Not expanded by 2023,2016,27.00,White (non-Hispanic),8
Race and ethnicity,White (non-Hispanic),Not expanded by 2023,2015,28.40,White (non-Hispanic),8
Race and ethnicity,Black (non-Hispanic),Not expanded by 2023,2020,28.97,Black (non-Hispanic),7
Race and ethnicity,White (non-Hispanic),Not expanded by 2023,2018,27.57,White (non-Hispanic),8
Race and ethnicity,Black (non-Hispanic),Not expanded by 2023,2019,28.87,Black (non-Hispanic),7
Race and ethnicity,White (non-Hispanic),Expanded 2014,2009,33.65,White (non-Hispanic),8
Race and ethnicity,Black (non-Hispanic),Expanded 2014,2008,31.85,Black (non-Hispanic),7
Race and ethnicity,Black (non-Hispanic),Expanded 2014,2012,31.77,Black (non-Hispanic),7
Race and ethnicity,White (non-Hispanic),Not expanded by 2023,2022,23.47,White (non-Hispanic),8
Race and ethnicity,White (non-Hispanic),Not expanded by 2023,2012,39.15,White (non-Hispanic),8
Race and ethnicity,Black (non-Hispanic),Expanded 2014,2015,15.68,Black (non-Hispanic),7
Race and ethnicity,White (non-Hispanic),Not expanded by 2023,2017,27.68,White (non-Hispanic),8
Race and ethnicity,Black (non-Hispanic),Not expanded by 2023,2012,40.93,Black (non-Hispanic),7
Race and ethnicity,Black (non-Hispanic),Not expanded by 2023,2021,27.65,Black (non-Hispanic),7
Race and ethnicity,Hispanic,Not expanded by 2023,2009,69.48,Hispanic,6
Race and ethnicity,Hispanic,Expanded 2014,2020,27.83,Hispanic,6
Race and ethnicity,White (non-Hispanic),Not expanded by 2023,2013,38.11,White (non-Hispanic),8
