years_since_expansion,att,lo,hi,period
-5,0.1530100107828294,-1.7312801389655923,0.9128093623661376,Before expansion
-4,-0.061710540685399,-3.2423978193402307,0.5467458391072346,Before expansion
-3,-0.1469758628828028,-0.7034564220648909,1.1014444050604353,Before expansion
-2,0.4248871343625496,-0.3522620175748079,1.2517959487628327,Before expansion
-1,-0.158231404103262,-1.7723753301001195,0.4746445905866638,Before expansion
0,-4.170328454126028,-5.342875976699685,-2.7431727525985283,After expansion
1,-6.959916481179169,-8.657893076504589,-4.8066868291362175,After expansion
2,-7.870231689059122,-9.793516280676958,-4.865137254728716,After expansion
3,-8.556264894778117,-10.698861769320477,-5.573685162778929,After expansion
4,-8.71800107182593,-11.102145051757962,-5.024271136528096,After expansion
5,-9.068931473817456,-11.559039881090042,-5.209339949239535,After expansion
6,-8.43092548146888,-10.80931530509346,-3.953040421048189,After expansion
7,-8.256044713975133,-11.196311325506652,-3.2077565330370787,After expansion
8,-6.501407014061744,-9.25691508364664,-1.194107450989162,After expansion
