analysis_group,year,uninsured,population,pct_uninsured
Excluded (early coverage),2008,718710,2828831,25.41
Excluded (early coverage),2009,755488,2981450,25.34
Excluded (early coverage),2010,824053,3239362,25.44
Excluded (early coverage),2011,826765,3432151,24.09
Excluded (early coverage),2012,795818,3435172,23.17
Excluded (early coverage),2013,772271,3417567,22.60
Excluded (early coverage),2014,629936,3380640,18.63
Excluded (early coverage),2015,489875,3246972,15.09
Excluded (early coverage),2016,401053,3094383,12.96
Excluded (early coverage),2017,361412,2994988,12.07
Excluded (early coverage),2018,319281,2847697,11.21
Excluded (early coverage),2019,299469,2646322,11.32
Excluded (early coverage),2020,290739,2578778,11.27
Excluded (early coverage),2021,317466,2805843,11.31
Excluded (early coverage),2022,301206,2821003,10.68
Excluded (early coverage),2023,288526,2739856,10.53
Expanded 2014,2008,5511006,14171945,38.89
Expanded 2014,2009,6192954,15501986,39.95
Expanded 2014,2010,6859229,16928620,40.52
Expanded 2014,2011,6977084,17731646,39.35
Expanded 2014,2012,6898845,17851762,38.65
Expanded 2014,2013,6637660,17737722,37.42
Expanded 2014,2014,4758990,17475299,27.23
Expanded 2014,2015,3368562,16732754,20.13
Expanded 2014,2016,2824574,15983866,17.67
Expanded 2014,2017,2641291,15213497,17.36
Expanded 2014,2018,2539664,14651622,17.33
Expanded 2014,2019,2492164,13766505,18.10
Expanded 2014,2020,2331688,13268100,17.57
Expanded 2014,2021,2426840,13954247,17.39
Expanded 2014,2022,2221454,13870482,16.02
Expanded 2014,2023,2150853,13483965,15.95
Expanded 2015-2017,2008,966734,2727492,35.44
Expanded 2015-2017,2009,1097823,2939280,37.35
Expanded 2015-2017,2010,1206338,3215327,37.52
Expanded 2015-2017,2011,1249662,3340453,37.41
Expanded 2015-2017,2012,1227432,3347789,36.66
Expanded 2015-2017,2013,1188224,3313653,35.86
Expanded 2015-2017,2014,1022827,3257292,31.40
Expanded 2015-2017,2015,758425,3105823,24.42
Expanded 2015-2017,2016,611169,3027370,20.19
Expanded 2015-2017,2017,513718,2932130,17.52
Expanded 2015-2017,2018,493166,2856544,17.26
Expanded 2015-2017,2019,486446,2741240,17.75
Expanded 2015-2017,2020,458681,2608701,17.58
Expanded 2015-2017,2021,447727,2757263,16.24
Expanded 2015-2017,2022,418629,2761809,15.16
Expanded 2015-2017,2023,401904,2719008,14.78
Expanded 2019-2022,2008,975877,2515590,38.79
Expanded 2019-2022,2009,1109561,2776604,39.96
Expanded 2019-2022,2010,1227682,2974392,41.28
Expanded 2019-2022,2011,1273684,3116887,40.86
Expanded 2019-2022,2012,1233633,3119970,39.54
Expanded 2019-2022,2013,1180641,3089064,38.22
Expanded 2019-2022,2014,1037513,3029095,34.25
Expanded 2019-2022,2015,877342,2910875,30.14
Expanded 2019-2022,2016,794759,2805561,28.33
Expanded 2019-2022,2017,774266,2708560,28.59
Expanded 2019-2022,2018,738048,2639393,27.96
Expanded 2019-2022,2019,695461,2528627,27.50
Expanded 2019-2022,2020,637815,2429518,26.25
Expanded 2019-2022,2021,619345,2556661,24.22
Expanded 2019-2022,2022,539091,2600934,20.73
Expanded 2019-2022,2023,499900,2532539,19.74
Not expanded by 2023,2008,4980754,10624854,46.88
Not expanded by 2023,2009,5760045,11928650,48.29
Not expanded by 2023,2010,6372584,13006594,49.00
Not expanded by 2023,2011,6534141,13543738,48.24
Not expanded by 2023,2012,6408397,13663004,46.90
Not expanded by 2023,2013,6224089,13548686,45.94
Not expanded by 2023,2014,5370730,13369781,40.17
Not expanded by 2023,2015,4618359,12869247,35.89
Not expanded by 2023,2016,4222465,12404445,34.04
Not expanded by 2023,2017,4129234,11932849,34.60
Not expanded by 2023,2018,3987903,11608613,34.35
Not expanded by 2023,2019,3904772,11031442,35.40
Not expanded by 2023,2020,3646302,10605084,34.38
Not expanded by 2023,2021,3738914,11110745,33.65
Not expanded by 2023,2022,3373971,11004843,30.66
Not expanded by 2023,2023,3184700,10825849,29.42
