state_abbrev,state_name,analysis_group,expansion_year,in_study,year,uninsured,population,pct_uninsured
AK,Alaska,Expanded 2015-2017,2016,True,2008,30407,61547,49.40
AK,Alaska,Expanded 2015-2017,2016,True,2009,33006,64113,51.50
AK,Alaska,Expanded 2015-2017,2016,True,2010,35911,75249,47.70
AK,Alaska,Expanded 2015-2017,2016,True,2011,36714,75525,48.60
AK,Alaska,Expanded 2015-2017,2016,True,2012,36387,77683,46.80
AK,Alaska,Expanded 2015-2017,2016,True,2013,35084,74584,47.00
AK,Alaska,Expanded 2015-2017,2016,True,2014,31055,73555,42.20
AK,Alaska,Expanded 2015-2017,2016,True,2015,25106,68923,36.40
AK,Alaska,Expanded 2015-2017,2016,True,2016,21940,65681,33.40
AK,Alaska,Expanded 2015-2017,2016,True,2017,19274,67197,28.70
AK,Alaska,Expanded 2015-2017,2016,True,2018,18814,66294,28.40
AK,Alaska,Expanded 2015-2017,2016,True,2019,15888,63213,25.10
AK,Alaska,Expanded 2015-2017,2016,True,2020,15238,62505,24.40
AK,Alaska,Expanded 2015-2017,2016,True,2021,17829,62758,28.40
AK,Alaska,Expanded 2015-2017,2016,True,2022,17247,63655,27.10
AK,Alaska,Expanded 2015-2017,2016,True,2023,16388,63548,25.80
AL,Alabama,Not expanded by 2023,,True,2008,220201,604242,36.40
AL,Alabama,Not expanded by 2023,,True,2009,267918,662457,40.40
AL,Alabama,Not expanded by 2023,,True,2010,308778,742874,41.60
AL,Alabama,Not expanded by 2023,,True,2011,309087,755504,40.90
AL,Alabama,Not expanded by 2023,,True,2012,298778,753988,39.60
AL,Alabama,Not expanded by 2023,,True,2013,290036,745351,38.90
AL,Alabama,Not expanded by 2023,,True,2014,261770,735598,35.60
AL,Alabama,Not expanded by 2023,,True,2015,218376,710356,30.70
AL,Alabama,Not expanded by 2023,,True,2016,190416,678651,28.10
AL,Alabama,Not expanded by 2023,,True,2017,183588,650738,28.20
AL,Alabama,Not expanded by 2023,,True,2018,189894,637518,29.80
AL,Alabama,Not expanded by 2023,,True,2019,174180,607381,28.70
AL,Alabama,Not expanded by 2023,,True,2020,164003,571275,28.70
AL,Alabama,Not expanded by 2023,,True,2021,177359,629345,28.20
AL,Alabama,Not expanded by 2023,,True,2022,157016,620596,25.30
AL,Alabama,Not expanded by 2023,,True,2023,142968,600389,23.80
AR,Arkansas,Expanded 2014,2014,True,2008,177594,394456,45.00
AR,Arkansas,Expanded 2014,2014,True,2009,196305,417280,47.00
AR,Arkansas,Expanded 2014,2014,True,2010,211970,446153,47.50
AR,Arkansas,Expanded 2014,2014,True,2011,214155,466894,45.90
AR,Arkansas,Expanded 2014,2014,True,2012,208831,465840,44.80
AR,Arkansas,Expanded 2014,2014,True,2013,197195,461411,42.70
AR,Arkansas,Expanded 2014,2014,True,2014,138457,453277,30.50
AR,Arkansas,Expanded 2014,2014,True,2015,106845,441154,24.20
AR,Arkansas,Expanded 2014,2014,True,2016,86101,421755,20.40
AR,Arkansas,Expanded 2014,2014,True,2017,77535,408357,19.00
AR,Arkansas,Expanded 2014,2014,True,2018,80325,404471,19.90
AR,Arkansas,Expanded 2014,2014,True,2019,82406,388797,21.20
AR,Arkansas,Expanded 2014,2014,True,2020,78995,370208,21.30
AR,Arkansas,Expanded 2014,2014,True,2021,80842,388777,20.80
AR,Arkansas,Expanded 2014,2014,True,2022,74775,390055,19.20
AR,Arkansas,Expanded 2014,2014,True,2023,76646,378167,20.30
AZ,Arizona,Expanded 2014,2014,True,2008,329637,755274,43.60
AZ,Arizona,Expanded 2014,2014,True,2009,355743,867124,41.00
AZ,Arizona,Expanded 2014,2014,True,2010,354227,900813,39.30
AZ,Arizona,Expanded 2014,2014,True,2011,371974,950432,39.10
AZ,Arizona,Expanded 2014,2014,True,2012,393599,962319,40.90
AZ,Arizona,Expanded 2014,2014,True,2013,400260,968959,41.30
AZ,Arizona,Expanded 2014,2014,True,2014,312968,968208,32.30
AZ,Arizona,Expanded 2014,2014,True,2015,244927,939956,26.10
AZ,Arizona,Expanded 2014,2014,True,2016,213697,900964,23.70
AZ,Arizona,Expanded 2014,2014,True,2017,201656,855441,23.60
AZ,Arizona,Expanded 2014,2014,True,2018,204039,829734,24.60
AZ,Arizona,Expanded 2014,2014,True,2019,200580,786616,25.50
AZ,Arizona,Expanded 2014,2014,True,2020,189772,765794,24.80
AZ,Arizona,Expanded 2014,2014,True,2021,183714,743048,24.70
AZ,Arizona,Expanded 2014,2014,True,2022,176886,739832,23.90
AZ,Arizona,Expanded 2014,2014,True,2023,166928,711042,23.50
CA,California,Expanded 2014,2014,True,2008,1809243,4210006,43.00
CA,California,Expanded 2014,2014,True,2009,1978057,4494993,44.00
CA,California,Expanded 2014,2014,True,2010,2262075,5044913,44.80
CA,California,Expanded 2014,2014,True,2011,2323558,5311552,43.70
CA,California,Expanded 2014,2014,True,2012,2341564,5422601,43.20
CA,California,Expanded 2014,2014,True,2013,2215328,5363244,41.30
CA,California,Expanded 2014,2014,True,2014,1618893,5321727,30.40
CA,California,Expanded 2014,2014,True,2015,1082835,5066099,21.40
CA,California,Expanded 2014,2014,True,2016,881699,4784717,18.40
CA,California,Expanded 2014,2014,True,2017,788569,4492614,17.60
CA,California,Expanded 2014,2014,True,2018,731422,4243976,17.20
CA,California,Expanded 2014,2014,True,2019,705833,3903232,18.10
CA,California,Expanded 2014,2014,True,2020,639911,3755554,17.00
CA,California,Expanded 2014,2014,True,2021,674497,3878504,17.40
CA,California,Expanded 2014,2014,True,2022,597952,3852873,15.50
CA,California,Expanded 2014,2014,True,2023,567018,3703709,15.30
CO,Colorado,Expanded 2014,2014,True,2008,213389,479258,44.50
CO,Colorado,Expanded 2014,2014,True,2009,233558,533587,43.80
CO,Colorado,Expanded 2014,2014,True,2010,254447,591917,43.00
CO,Colorado,Expanded 2014,2014,True,2011,250928,619995,40.50
CO,Colorado,Expanded 2014,2014,True,2012,243480,622580,39.10
CO,Colorado,Expanded 2014,2014,True,2013,226244,623072,36.30
CO,Colorado,Expanded 2014,2014,True,2014,156759,598476,26.20
CO,Colorado,Expanded 2014,2014,True,2015,119759,568301,21.10
CO,Colorado,Expanded 2014,2014,True,2016,106970,550722,19.40
CO,Colorado,Expanded 2014,2014,True,2017,96027,520600,18.40
CO,Colorado,Expanded 2014,2014,True,2018,90841,493199,18.40
CO,Colorado,Expanded 2014,2014,True,2019,94086,471487,20.00
CO,Colorado,Expanded 2014,2014,True,2020,92590,456107,20.30
CO,Colorado,Expanded 2014,2014,True,2021,96596,478102,20.20
CO,Colorado,Expanded 2014,2014,True,2022,82525,471263,17.50
CO,Colorado,Expanded 2014,2014,True,2023,76052,459683,16.50
CT,Connecticut,Expanded 2014,2014,True,2008,68720,242787,28.30
CT,Connecticut,Expanded 2014,2014,True,2009,72469,257774,28.10
CT,Connecticut,Expanded 2014,2014,True,2010,84559,292963,28.90
CT,Connecticut,Expanded 2014,2014,True,2011,87324,312572,27.90
CT,Connecticut,Expanded 2014,2014,True,2012,86335,313147,27.60
CT,Connecticut,Expanded 2014,2014,True,2013,88429,316527,27.90
CT,Connecticut,Expanded 2014,2014,True,2014,58349,307005,19.00
CT,Connecticut,Expanded 2014,2014,True,2015,53239,300060,17.70
CT,Connecticut,Expanded 2014,2014,True,2016,40968,288933,14.20
CT,Connecticut,Expanded 2014,2014,True,2017,41259,277206,14.90
CT,Connecticut,Expanded 2014,2014,True,2018,40993,276337,14.80
CT,Connecticut,Expanded 2014,2014,True,2019,41950,267697,15.70
CT,Connecticut,Expanded 2014,2014,True,2020,33252,257892,12.90
CT,Connecticut,Expanded 2014,2014,True,2021,40724,285799,14.20
CT,Connecticut,Expanded 2014,2014,True,2022,41234,290944,14.20
CT,Connecticut,Expanded 2014,2014,True,2023,44765,286090,15.60
DC,District of Columbia,Excluded (early coverage),2014,False,2008,12631,74812,16.90
DC,District of Columbia,Excluded (early coverage),2014,False,2009,12536,78700,15.90
DC,District of Columbia,Excluded (early coverage),2014,False,2010,14896,85671,17.40
DC,District of Columbia,Excluded (early coverage),2014,False,2011,15520,89771,17.30
DC,District of Columbia,Excluded (early coverage),2014,False,2012,13127,91762,14.30
DC,District of Columbia,Excluded (early coverage),2014,False,2013,13828,94693,14.60
DC,District of Columbia,Excluded (early coverage),2014,False,2014,10665,93423,11.40
DC,District of Columbia,Excluded (early coverage),2014,False,2015,7512,88196,8.50
DC,District of Columbia,Excluded (early coverage),2014,False,2016,6572,86703,7.60
DC,District of Columbia,Excluded (early coverage),2014,False,2017,6720,80554,8.30
DC,District of Columbia,Excluded (early coverage),2014,False,2018,5558,77406,7.20
DC,District of Columbia,Excluded (early coverage),2014,False,2019,5572,71321,7.80
DC,District of Columbia,Excluded (early coverage),2014,False,2020,4128,69451,5.90
DC,District of Columbia,Excluded (early coverage),2014,False,2021,4845,70498,6.90
DC,District of Columbia,Excluded (early coverage),2014,False,2022,4036,67662,6.00
DC,District of Columbia,Excluded (early coverage),2014,False,2023,4139,65185,6.30
DE,Delaware,Excluded (early coverage),2014,False,2008,22421,77803,28.80
DE,Delaware,Excluded (early coverage),2014,False,2009,26143,88049,29.70
DE,Delaware,Excluded (early coverage),2014,False,2010,27405,94143,29.10
DE,Delaware,Excluded (early coverage),2014,False,2011,27772,100242,27.70
DE,Delaware,Excluded (early coverage),2014,False,2012,26137,101471,25.80
DE,Delaware,Excluded (early coverage),2014,False,2013,26437,101135,26.10
DE,Delaware,Excluded (early coverage),2014,False,2014,21085,97550,21.60
DE,Delaware,Excluded (early coverage),2014,False,2015,16639,95919,17.30
DE,Delaware,Excluded (early coverage),2014,False,2016,14720,92187,16.00
DE,Delaware,Excluded (early coverage),2014,False,2017,13187,94030,14.00
DE,Delaware,Excluded (early coverage),2014,False,2018,13277,91251,14.50
DE,Delaware,Excluded (early coverage),2014,False,2019,14936,85384,17.50
DE,Delaware,Excluded (early coverage),2014,False,2020,15054,85732,17.60
DE,Delaware,Excluded (early coverage),2014,False,2021,13419,89965,14.90
DE,Delaware,Excluded (early coverage),2014,False,2022,14021,85571,16.40
DE,Delaware,Excluded (early coverage),2014,False,2023,15083,87482,17.20
FL,Florida,Not expanded by 2023,,True,2008,1023881,2050274,49.90
FL,Florida,Not expanded by 2023,,True,2009,1188812,2352088,50.50
FL,Florida,Not expanded by 2023,,True,2010,1344793,2597570,51.80
FL,Florida,Not expanded by 2023,,True,2011,1364197,2694975,50.60
FL,Florida,Not expanded by 2023,,True,2012,1350390,2773506,48.70
FL,Florida,Not expanded by 2023,,True,2013,1315232,2770629,47.50
FL,Florida,Not expanded by 2023,,True,2014,1124258,2758042,40.80
FL,Florida,Not expanded by 2023,,True,2015,927740,2685877,34.50
FL,Florida,Not expanded by 2023,,True,2016,853445,2608259,32.70
FL,Florida,Not expanded by 2023,,True,2017,832113,2502432,33.30
FL,Florida,Not expanded by 2023,,True,2018,772792,2397311,32.20
FL,Florida,Not expanded by 2023,,True,2019,770407,2279794,33.80
FL,Florida,Not expanded by 2023,,True,2020,706202,2168908,32.60
FL,Florida,Not expanded by 2023,,True,2021,704002,2268692,31.00
FL,Florida,Not expanded by 2023,,True,2022,624183,2225090,28.10
FL,Florida,Not expanded by 2023,,True,2023,577788,2154384,26.80
GA,Georgia,Not expanded by 2023,,True,2008,550615,1153729,47.70
GA,Georgia,Not expanded by 2023,,True,2009,663276,1335474,49.70
GA,Georgia,Not expanded by 2023,,True,2010,723214,1412545,51.20
GA,Georgia,Not expanded by 2023,,True,2011,750100,1505232,49.80
GA,Georgia,Not expanded by 2023,,True,2012,723821,1511196,47.90
GA,Georgia,Not expanded by 2023,,True,2013,719529,1509890,47.70
GA,Georgia,Not expanded by 2023,,True,2014,628963,1477520,42.60
GA,Georgia,Not expanded by 2023,,True,2015,553142,1424963,38.80
GA,Georgia,Not expanded by 2023,,True,2016,494427,1367507,36.20
GA,Georgia,Not expanded by 2023,,True,2017,480279,1307308,36.70
GA,Georgia,Not expanded by 2023,,True,2018,456343,1250501,36.50
GA,Georgia,Not expanded by 2023,,True,2019,434442,1184085,36.70
GA,Georgia,Not expanded by 2023,,True,2020,403042,1163436,34.60
GA,Georgia,Not expanded by 2023,,True,2021,409907,1172222,35.00
GA,Georgia,Not expanded by 2023,,True,2022,354032,1137735,31.10
GA,Georgia,Not expanded by 2023,,True,2023,337099,1140336,29.60
HI,Hawaii,Expanded 2014,2014,True,2008,25536,123749,20.60
HI,Hawaii,Expanded 2014,2014,True,2009,29355,140540,20.90
HI,Hawaii,Expanded 2014,2014,True,2010,31639,142018,22.30
HI,Hawaii,Expanded 2014,2014,True,2011,30809,149371,20.60
HI,Hawaii,Expanded 2014,2014,True,2012,29196,151654,19.30
HI,Hawaii,Expanded 2014,2014,True,2013,28573,147265,19.40
HI,Hawaii,Expanded 2014,2014,True,2014,20546,146200,14.10
HI,Hawaii,Expanded 2014,2014,True,2015,17341,137609,12.60
HI,Hawaii,Expanded 2014,2014,True,2016,13147,129751,10.10
HI,Hawaii,Expanded 2014,2014,True,2017,13245,121201,10.90
HI,Hawaii,Expanded 2014,2014,True,2018,12605,116831,10.80
HI,Hawaii,Expanded 2014,2014,True,2019,12298,110050,11.20
HI,Hawaii,Expanded 2014,2014,True,2020,11509,111081,10.40
HI,Hawaii,Expanded 2014,2014,True,2021,12297,124419,9.90
HI,Hawaii,Expanded 2014,2014,True,2022,11089,121688,9.10
HI,Hawaii,Expanded 2014,2014,True,2023,10100,122087,8.30
IA,Iowa,Expanded 2014,2014,True,2008,80613,284426,28.30
IA,Iowa,Expanded 2014,2014,True,2009,85067,295058,28.80
IA,Iowa,Expanded 2014,2014,True,2010,101885,326081,31.20
IA,Iowa,Expanded 2014,2014,True,2011,95622,332674,28.70
IA,Iowa,Expanded 2014,2014,True,2012,90456,331384,27.30
IA,Iowa,Expanded 2014,2014,True,2013,84713,326002,26.00
IA,Iowa,Expanded 2014,2014,True,2014,62084,324470,19.10
IA,Iowa,Expanded 2014,2014,True,2015,45968,314398,14.60
IA,Iowa,Expanded 2014,2014,True,2016,36090,300671,12.00
IA,Iowa,Expanded 2014,2014,True,2017,37815,291242,13.00
IA,Iowa,Expanded 2014,2014,True,2018,37939,290546,13.10
IA,Iowa,Expanded 2014,2014,True,2019,37231,283019,13.20
IA,Iowa,Expanded 2014,2014,True,2020,37277,265922,14.00
IA,Iowa,Expanded 2014,2014,True,2021,38010,290437,13.10
IA,Iowa,Expanded 2014,2014,True,2022,32683,287027,11.40
IA,Iowa,Expanded 2014,2014,True,2023,38905,288479,13.50
ID,Idaho,Expanded 2019-2022,2020,True,2008,77576,171987,45.10
ID,Idaho,Expanded 2019-2022,2020,True,2009,88702,196884,45.10
ID,Idaho,Expanded 2019-2022,2020,True,2010,100000,216579,46.20
ID,Idaho,Expanded 2019-2022,2020,True,2011,94785,221814,42.70
ID,Idaho,Expanded 2019-2022,2020,True,2012,94456,220469,42.80
ID,Idaho,Expanded 2019-2022,2020,True,2013,89289,222077,40.20
ID,Idaho,Expanded 2019-2022,2020,True,2014,75293,215922,34.90
ID,Idaho,Expanded 2019-2022,2020,True,2015,63715,211463,30.10
ID,Idaho,Expanded 2019-2022,2020,True,2016,57299,200679,28.60
ID,Idaho,Expanded 2019-2022,2020,True,2017,55393,194722,28.40
ID,Idaho,Expanded 2019-2022,2020,True,2018,53887,189031,28.50
ID,Idaho,Expanded 2019-2022,2020,True,2019,52327,182168,28.70
ID,Idaho,Expanded 2019-2022,2020,True,2020,40714,171621,23.70
ID,Idaho,Expanded 2019-2022,2020,True,2021,37627,186190,20.20
ID,Idaho,Expanded 2019-2022,2020,True,2022,33677,182598,18.40
ID,Idaho,Expanded 2019-2022,2020,True,2023,35310,174909,20.20
IL,Illinois,Expanded 2014,2014,True,2008,471383,1253586,37.60
IL,Illinois,Expanded 2014,2014,True,2009,551318,1376298,40.10
IL,Illinois,Expanded 2014,2014,True,2010,601100,1475640,40.70
IL,Illinois,Expanded 2014,2014,True,2011,610667,1567601,39.00
IL,Illinois,Expanded 2014,2014,True,2012,594286,1542494,38.50
IL,Illinois,Expanded 2014,2014,True,2013,564221,1532262,36.80
IL,Illinois,Expanded 2014,2014,True,2014,425821,1500988,28.40
IL,Illinois,Expanded 2014,2014,True,2015,299243,1424906,21.00
IL,Illinois,Expanded 2014,2014,True,2016,249205,1354188,18.40
IL,Illinois,Expanded 2014,2014,True,2017,249082,1301046,19.10
IL,Illinois,Expanded 2014,2014,True,2018,233563,1248852,18.70
IL,Illinois,Expanded 2014,2014,True,2019,230958,1166469,19.80
IL,Illinois,Expanded 2014,2014,True,2020,225479,1109831,20.30
IL,Illinois,Expanded 2014,2014,True,2021,218703,1175488,18.60
IL,Illinois,Expanded 2014,2014,True,2022,193201,1168774,16.50
IL,Illinois,Expanded 2014,2014,True,2023,180476,1119093,16.10
IN,Indiana,Expanded 2015-2017,2015,True,2008,266230,666930,39.90
IN,Indiana,Expanded 2015-2017,2015,True,2009,304915,738071,41.30
IN,Indiana,Expanded 2015-2017,2015,True,2010,339613,818348,41.50
IN,Indiana,Expanded 2015-2017,2015,True,2011,347025,838560,41.40
IN,Indiana,Expanded 2015-2017,2015,True,2012,342033,843311,40.60
IN,Indiana,Expanded 2015-2017,2015,True,2013,332432,848173,39.20
IN,Indiana,Expanded 2015-2017,2015,True,2014,277966,827266,33.60
IN,Indiana,Expanded 2015-2017,2015,True,2015,209051,792640,26.40
IN,Indiana,Expanded 2015-2017,2015,True,2016,164537,761709,21.60
IN,Indiana,Expanded 2015-2017,2015,True,2017,152412,731450,20.80
IN,Indiana,Expanded 2015-2017,2015,True,2018,142573,707250,20.20
IN,Indiana,Expanded 2015-2017,2015,True,2019,140967,681897,20.70
IN,Indiana,Expanded 2015-2017,2015,True,2020,122568,652245,18.80
IN,Indiana,Expanded 2015-2017,2015,True,2021,119381,680260,17.50
IN,Indiana,Expanded 2015-2017,2015,True,2022,111845,686100,16.30
IN,Indiana,Expanded 2015-2017,2015,True,2023,102523,670880,15.30
KS,Kansas,Not expanded by 2023,,True,2008,98120,269909,36.40
KS,Kansas,Not expanded by 2023,,True,2009,119930,310873,38.60
KS,Kansas,Not expanded by 2023,,True,2010,138493,330937,41.80
KS,Kansas,Not expanded by 2023,,True,2011,135560,339548,39.90
KS,Kansas,Not expanded by 2023,,True,2012,131098,343989,38.10
KS,Kansas,Not expanded by 2023,,True,2013,126437,334154,37.80
KS,Kansas,Not expanded by 2023,,True,2014,102676,327448,31.40
KS,Kansas,Not expanded by 2023,,True,2015,87577,313970,27.90
KS,Kansas,Not expanded by 2023,,True,2016,82191,299259,27.50
KS,Kansas,Not expanded by 2023,,True,2017,77977,288826,27.00
KS,Kansas,Not expanded by 2023,,True,2018,73646,282546,26.10
KS,Kansas,Not expanded by 2023,,True,2019,74673,268201,27.80
KS,Kansas,Not expanded by 2023,,True,2020,68774,256037,26.90
KS,Kansas,Not expanded by 2023,,True,2021,75529,278674,27.10
KS,Kansas,Not expanded by 2023,,True,2022,69574,285278,24.40
KS,Kansas,Not expanded by 2023,,True,2023,62411,273935,22.80
KY,Kentucky,Expanded 2014,2014,True,2008,220074,590129,37.30
KY,Kentucky,Expanded 2014,2014,True,2009,261099,625802,41.70
KY,Kentucky,Expanded 2014,2014,True,2010,279430,669563,41.70
KY,Kentucky,Expanded 2014,2014,True,2011,279733,684275,40.90
KY,Kentucky,Expanded 2014,2014,True,2012,274946,686073,40.10
KY,Kentucky,Expanded 2014,2014,True,2013,273644,680870,40.20
KY,Kentucky,Expanded 2014,2014,True,2014,140756,674038,20.90
KY,Kentucky,Expanded 2014,2014,True,2015,92188,644793,14.30
KY,Kentucky,Expanded 2014,2014,True,2016,77995,624674,12.50
KY,Kentucky,Expanded 2014,2014,True,2017,77651,607850,12.80
KY,Kentucky,Expanded 2014,2014,True,2018,75568,588659,12.80
KY,Kentucky,Expanded 2014,2014,True,2019,81186,565667,14.40
KY,Kentucky,Expanded 2014,2014,True,2020,69585,538849,12.90
KY,Kentucky,Expanded 2014,2014,True,2021,75885,587922,12.90
KY,Kentucky,Expanded 2014,2014,True,2022,69900,572972,12.20
KY,Kentucky,Expanded 2014,2014,True,2023,69638,570400,12.20
LA,Louisiana,Expanded 2015-2017,2017,True,2008,266485,606501,43.90
LA,Louisiana,Expanded 2015-2017,2017,True,2009,293107,641395,45.70
LA,Louisiana,Expanded 2015-2017,2017,True,2010,314765,688249,45.70
LA,Louisiana,Expanded 2015-2017,2017,True,2011,328514,734760,44.70
LA,Louisiana,Expanded 2015-2017,2017,True,2012,321109,733264,43.80
LA,Louisiana,Expanded 2015-2017,2017,True,2013,307331,718074,42.80
LA,Louisiana,Expanded 2015-2017,2017,True,2014,273017,711053,38.40
LA,Louisiana,Expanded 2015-2017,2017,True,2015,222029,687548,32.30
LA,Louisiana,Expanded 2015-2017,2017,True,2016,186712,681606,27.40
LA,Louisiana,Expanded 2015-2017,2017,True,2017,134812,668298,20.20
LA,Louisiana,Expanded 2015-2017,2017,True,2018,119616,647045,18.50
LA,Louisiana,Expanded 2015-2017,2017,True,2019,124436,623970,19.90
LA,Louisiana,Expanded 2015-2017,2017,True,2020,111371,602989,18.50
LA,Louisiana,Expanded 2015-2017,2017,True,2021,110945,641207,17.30
LA,Louisiana,Expanded 2015-2017,2017,True,2022,100101,633940,15.80
LA,Louisiana,Expanded 2015-2017,2017,True,2023,96963,617296,15.70
MA,Massachusetts,Excluded (early coverage),2014,False,2008,61151,514468,11.90
MA,Massachusetts,Excluded (early coverage),2014,False,2009,71713,542363,13.20
MA,Massachusetts,Excluded (early coverage),2014,False,2010,83114,616882,13.50
MA,Massachusetts,Excluded (early coverage),2014,False,2011,78028,642496,12.10
MA,Massachusetts,Excluded (early coverage),2014,False,2012,72307,648122,11.20
MA,Massachusetts,Excluded (early coverage),2014,False,2013,69806,644753,10.80
MA,Massachusetts,Excluded (early coverage),2014,False,2014,56429,636689,8.90
MA,Massachusetts,Excluded (early coverage),2014,False,2015,48101,615802,7.80
MA,Massachusetts,Excluded (early coverage),2014,False,2016,38371,570402,6.70
MA,Massachusetts,Excluded (early coverage),2014,False,2017,40371,560937,7.20
MA,Massachusetts,Excluded (early coverage),2014,False,2018,39617,544742,7.30
MA,Massachusetts,Excluded (early coverage),2014,False,2019,39804,507142,7.80
MA,Massachusetts,Excluded (early coverage),2014,False,2020,36191,494150,7.30
MA,Massachusetts,Excluded (early coverage),2014,False,2021,36296,542346,6.70
MA,Massachusetts,Excluded (early coverage),2014,False,2022,34606,553154,6.30
MA,Massachusetts,Excluded (early coverage),2014,False,2023,37963,536603,7.10
MD,Maryland,Expanded 2014,2014,True,2008,151281,412049,36.70
MD,Maryland,Expanded 2014,2014,True,2009,169701,461953,36.70
MD,Maryland,Expanded 2014,2014,True,2010,169658,494988,34.30
MD,Maryland,Expanded 2014,2014,True,2011,164434,516755,31.80
MD,Maryland,Expanded 2014,2014,True,2012,162279,523941,31.00
MD,Maryland,Expanded 2014,2014,True,2013,151033,512701,29.50
MD,Maryland,Expanded 2014,2014,True,2014,120143,516107,23.30
MD,Maryland,Expanded 2014,2014,True,2015,94304,494367,19.10
MD,Maryland,Expanded 2014,2014,True,2016,83038,476154,17.40
MD,Maryland,Expanded 2014,2014,True,2017,78881,464466,17.00
MD,Maryland,Expanded 2014,2014,True,2018,76346,447886,17.00
MD,Maryland,Expanded 2014,2014,True,2019,72358,436641,16.60
MD,Maryland,Expanded 2014,2014,True,2020,65969,427973,15.40
MD,Maryland,Expanded 2014,2014,True,2021,75055,455939,16.50
MD,Maryland,Expanded 2014,2014,True,2022,76156,457789,16.60
MD,Maryland,Expanded 2014,2014,True,2023,78673,456833,17.20
ME,Maine,Expanded 2019-2022,2019,True,2008,35153,147137,23.90
ME,Maine,Expanded 2019-2022,2019,True,2009,39581,149459,26.50
ME,Maine,Expanded 2019-2022,2019,True,2010,40805,155487,26.20
ME,Maine,Expanded 2019-2022,2019,True,2011,45108,167903,26.90
ME,Maine,Expanded 2019-2022,2019,True,2012,42075,168460,25.00
ME,Maine,Expanded 2019-2022,2019,True,2013,47349,168962,28.00
ME,Maine,Expanded 2019-2022,2019,True,2014,42119,161501,26.10
ME,Maine,Expanded 2019-2022,2019,True,2015,35202,156172,22.50
ME,Maine,Expanded 2019-2022,2019,True,2016,31287,145586,21.50
ME,Maine,Expanded 2019-2022,2019,True,2017,31981,139366,22.90
ME,Maine,Expanded 2019-2022,2019,True,2018,28732,134497,21.40
ME,Maine,Expanded 2019-2022,2019,True,2019,26929,127901,21.10
ME,Maine,Expanded 2019-2022,2019,True,2020,22751,126197,18.00
ME,Maine,Expanded 2019-2022,2019,True,2021,19011,126602,15.00
ME,Maine,Expanded 2019-2022,2019,True,2022,20168,127906,15.80
ME,Maine,Expanded 2019-2022,2019,True,2023,17408,123059,14.10
MI,Michigan,Expanded 2014,2014,True,2008,371460,1136247,32.70
MI,Michigan,Expanded 2014,2014,True,2009,436331,1277763,34.10
MI,Michigan,Expanded 2014,2014,True,2010,474734,1355970,35.00
MI,Michigan,Expanded 2014,2014,True,2011,462540,1395219,33.20
MI,Michigan,Expanded 2014,2014,True,2012,458789,1404542,32.70
MI,Michigan,Expanded 2014,2014,True,2013,431543,1388712,31.10
MI,Michigan,Expanded 2014,2014,True,2014,321937,1354120,23.80
MI,Michigan,Expanded 2014,2014,True,2015,206085,1299438,15.90
MI,Michigan,Expanded 2014,2014,True,2016,172472,1247460,13.80
MI,Michigan,Expanded 2014,2014,True,2017,148282,1182915,12.50
MI,Michigan,Expanded 2014,2014,True,2018,147718,1143405,12.90
MI,Michigan,Expanded 2014,2014,True,2019,154421,1076821,14.30
MI,Michigan,Expanded 2014,2014,True,2020,134722,1013949,13.30
MI,Michigan,Expanded 2014,2014,True,2021,129102,1063630,12.10
MI,Michigan,Expanded 2014,2014,True,2022,121027,1071586,11.30
MI,Michigan,Expanded 2014,2014,True,2023,118435,1042377,11.40
MN,Minnesota,Expanded 2014,2014,True,2008,113782,423982,26.80
MN,Minnesota,Expanded 2014,2014,True,2009,120547,471236,25.60
MN,Minnesota,Expanded 2014,2014,True,2010,134732,518431,26.00
MN,Minnesota,Expanded 2014,2014,True,2011,137028,542137,25.30
MN,Minnesota,Expanded 2014,2014,True,2012,123682,534943,23.10
MN,Minnesota,Expanded 2014,2014,True,2013,125337,530452,23.60
MN,Minnesota,Expanded 2014,2014,True,2014,89350,518020,17.20
MN,Minnesota,Expanded 2014,2014,True,2015,63334,490146,12.90
MN,Minnesota,Expanded 2014,2014,True,2016,54577,467272,11.70
MN,Minnesota,Expanded 2014,2014,True,2017,53492,448233,11.90
MN,Minnesota,Expanded 2014,2014,True,2018,53644,445519,12.00
MN,Minnesota,Expanded 2014,2014,True,2019,56796,417087,13.60
MN,Minnesota,Expanded 2014,2014,True,2020,55504,397808,14.00
MN,Minnesota,Expanded 2014,2014,True,2021,53848,437597,12.30
MN,Minnesota,Expanded 2014,2014,True,2022,55375,439521,12.60
MN,Minnesota,Expanded 2014,2014,True,2023,50398,427136,11.80
MO,Missouri,Expanded 2019-2022,2022,True,2008,244675,654121,37.40
MO,Missouri,Expanded 2019-2022,2022,True,2009,280902,718138,39.10
MO,Missouri,Expanded 2019-2022,2022,True,2010,299832,767228,39.10
MO,Missouri,Expanded 2019-2022,2022,True,2011,324252,798592,40.60
MO,Missouri,Expanded 2019-2022,2022,True,2012,314418,804178,39.10
MO,Missouri,Expanded 2019-2022,2022,True,2013,296340,795584,37.20
MO,Missouri,Expanded 2019-2022,2022,True,2014,259276,782505,33.10
MO,Missouri,Expanded 2019-2022,2022,True,2015,220084,744374,29.60
MO,Missouri,Expanded 2019-2022,2022,True,2016,193700,713621,27.10
MO,Missouri,Expanded 2019-2022,2022,True,2017,189453,684956,27.70
MO,Missouri,Expanded 2019-2022,2022,True,2018,180115,660753,27.30
MO,Missouri,Expanded 2019-2022,2022,True,2019,191498,643376,29.80
MO,Missouri,Expanded 2019-2022,2022,True,2020,177441,610748,29.10
MO,Missouri,Expanded 2019-2022,2022,True,2021,171815,629066,27.30
MO,Missouri,Expanded 2019-2022,2022,True,2022,147741,637693,23.20
MO,Missouri,Expanded 2019-2022,2022,True,2023,121330,612656,19.80
MS,Mississippi,Not expanded by 2023,,True,2008,180303,456169,39.50
MS,Mississippi,Not expanded by 2023,,True,2009,208944,484858,43.10
MS,Mississippi,Not expanded by 2023,,True,2010,234195,522530,44.80
MS,Mississippi,Not expanded by 2023,,True,2011,239006,534531,44.70
MS,Mississippi,Not expanded by 2023,,True,2012,227004,537935,42.20
MS,Mississippi,Not expanded by 2023,,True,2013,224871,533175,42.20
MS,Mississippi,Not expanded by 2023,,True,2014,190915,511927,37.30
MS,Mississippi,Not expanded by 2023,,True,2015,165203,501950,32.90
MS,Mississippi,Not expanded by 2023,,True,2016,153654,476027,32.30
MS,Mississippi,Not expanded by 2023,,True,2017,148162,458577,32.30
MS,Mississippi,Not expanded by 2023,,True,2018,148064,448421,33.00
MS,Mississippi,Not expanded by 2023,,True,2019,144506,432877,33.40
MS,Mississippi,Not expanded by 2023,,True,2020,124494,411371,30.30
MS,Mississippi,Not expanded by 2023,,True,2021,126386,419669,30.10
MS,Mississippi,Not expanded by 2023,,True,2022,110478,411416,26.90
MS,Mississippi,Not expanded by 2023,,True,2023,103959,403280,25.80
MT,Montana,Expanded 2015-2017,2016,True,2008,50460,114426,44.10
MT,Montana,Expanded 2015-2017,2016,True,2009,58428,129724,45.00
MT,Montana,Expanded 2015-2017,2016,True,2010,60322,133914,45.00
MT,Montana,Expanded 2015-2017,2016,True,2011,64378,137651,46.80
MT,Montana,Expanded 2015-2017,2016,True,2012,63635,139004,45.80
MT,Montana,Expanded 2015-2017,2016,True,2013,57214,139357,41.10
MT,Montana,Expanded 2015-2017,2016,True,2014,50728,139130,36.50
MT,Montana,Expanded 2015-2017,2016,True,2015,39124,127623,30.70
MT,Montana,Expanded 2015-2017,2016,True,2016,27055,125810,21.50
MT,Montana,Expanded 2015-2017,2016,True,2017,22983,120410,19.10
MT,Montana,Expanded 2015-2017,2016,True,2018,22874,118959,19.20
MT,Montana,Expanded 2015-2017,2016,True,2019,20961,111618,18.80
MT,Montana,Expanded 2015-2017,2016,True,2020,21529,108009,19.90
MT,Montana,Expanded 2015-2017,2016,True,2021,22584,112355,20.10
MT,Montana,Expanded 2015-2017,2016,True,2022,22112,111111,19.90
MT,Montana,Expanded 2015-2017,2016,True,2023,22438,109835,20.40
NC,North Carolina,Not expanded by 2023,2024,True,2008,457342,1081716,42.30
NC,North Carolina,Not expanded by 2023,2024,True,2009,541077,1221735,44.30
NC,North Carolina,Not expanded by 2023,2024,True,2010,630654,1377218,45.80
NC,North Carolina,Not expanded by 2023,2024,True,2011,637323,1428960,44.60
NC,North Carolina,Not expanded by 2023,2024,True,2012,646722,1449649,44.60
NC,North Carolina,Not expanded by 2023,2024,True,2013,625330,1441261,43.40
NC,North Carolina,Not expanded by 2023,2024,True,2014,526896,1427062,36.90
NC,North Carolina,Not expanded by 2023,2024,True,2015,451369,1374586,32.80
NC,North Carolina,Not expanded by 2023,2024,True,2016,402759,1319522,30.50
NC,North Carolina,Not expanded by 2023,2024,True,2017,394233,1255615,31.40
NC,North Carolina,Not expanded by 2023,2024,True,2018,365072,1209479,30.20
NC,North Carolina,Not expanded by 2023,2024,True,2019,359251,1166383,30.80
NC,North Carolina,Not expanded by 2023,2024,True,2020,344295,1115396,30.90
NC,North Carolina,Not expanded by 2023,2024,True,2021,324008,1139769,28.40
NC,North Carolina,Not expanded by 2023,2024,True,2022,280861,1105235,25.40
NC,North Carolina,Not expanded by 2023,2024,True,2023,270391,1085610,24.90
ND,North Dakota,Expanded 2014,2014,True,2008,19154,62269,30.80
ND,North Dakota,Expanded 2014,2014,True,2009,19457,65036,29.90
ND,North Dakota,Expanded 2014,2014,True,2010,20424,70899,28.80
ND,North Dakota,Expanded 2014,2014,True,2011,21408,72102,29.70
ND,North Dakota,Expanded 2014,2014,True,2012,20075,69889,28.70
ND,North Dakota,Expanded 2014,2014,True,2013,20907,73338,28.50
ND,North Dakota,Expanded 2014,2014,True,2014,15085,69226,21.80
ND,North Dakota,Expanded 2014,2014,True,2015,12458,67457,18.50
ND,North Dakota,Expanded 2014,2014,True,2016,10671,64735,16.50
ND,North Dakota,Expanded 2014,2014,True,2017,12049,63394,19.00
ND,North Dakota,Expanded 2014,2014,True,2018,11418,64747,17.60
ND,North Dakota,Expanded 2014,2014,True,2019,9486,61891,15.30
ND,North Dakota,Expanded 2014,2014,True,2020,10580,59741,17.70
ND,North Dakota,Expanded 2014,2014,True,2021,12924,65311,19.80
ND,North Dakota,Expanded 2014,2014,True,2022,10673,64765,16.50
ND,North Dakota,Expanded 2014,2014,True,2023,7315,62024,11.80
NE,Nebraska,Expanded 2019-2022,2021,True,2008,57118,159487,35.80
NE,Nebraska,Expanded 2019-2022,2021,True,2009,71662,188598,38.00
NE,Nebraska,Expanded 2019-2022,2021,True,2010,72805,197016,37.00
NE,Nebraska,Expanded 2019-2022,2021,True,2011,75713,205621,36.80
NE,Nebraska,Expanded 2019-2022,2021,True,2012,72348,204562,35.40
NE,Nebraska,Expanded 2019-2022,2021,True,2013,71523,201926,35.40
NE,Nebraska,Expanded 2019-2022,2021,True,2014,61027,197860,30.80
NE,Nebraska,Expanded 2019-2022,2021,True,2015,50038,187316,26.70
NE,Nebraska,Expanded 2019-2022,2021,True,2016,48940,179932,27.20
NE,Nebraska,Expanded 2019-2022,2021,True,2017,45960,174156,26.40
NE,Nebraska,Expanded 2019-2022,2021,True,2018,44302,176143,25.20
NE,Nebraska,Expanded 2019-2022,2021,True,2019,40242,162933,24.70
NE,Nebraska,Expanded 2019-2022,2021,True,2020,37333,154771,24.10
NE,Nebraska,Expanded 2019-2022,2021,True,2021,34136,168263,20.30
NE,Nebraska,Expanded 2019-2022,2021,True,2022,32498,174440,18.60
NE,Nebraska,Expanded 2019-2022,2021,True,2023,29082,168870,17.20
NH,New Hampshire,Expanded 2015-2017,2015,True,2008,29998,89533,33.50
NH,New Hampshire,Expanded 2015-2017,2015,True,2009,32911,99106,33.20
NH,New Hampshire,Expanded 2015-2017,2015,True,2010,38813,104946,37.00
NH,New Hampshire,Expanded 2015-2017,2015,True,2011,40886,109648,37.30
NH,New Hampshire,Expanded 2015-2017,2015,True,2012,39364,112814,34.90
NH,New Hampshire,Expanded 2015-2017,2015,True,2013,38612,109216,35.40
NH,New Hampshire,Expanded 2015-2017,2015,True,2014,32034,107162,29.90
NH,New Hampshire,Expanded 2015-2017,2015,True,2015,19267,100054,19.30
NH,New Hampshire,Expanded 2015-2017,2015,True,2016,16516,96092,17.20
NH,New Hampshire,Expanded 2015-2017,2015,True,2017,15498,93745,16.50
NH,New Hampshire,Expanded 2015-2017,2015,True,2018,14658,89938,16.30
NH,New Hampshire,Expanded 2015-2017,2015,True,2019,14974,88870,16.80
NH,New Hampshire,Expanded 2015-2017,2015,True,2020,15639,82666,18.90
NH,New Hampshire,Expanded 2015-2017,2015,True,2021,12332,86133,14.30
NH,New Hampshire,Expanded 2015-2017,2015,True,2022,12738,88341,14.40
NH,New Hampshire,Expanded 2015-2017,2015,True,2023,11767,86380,13.60
NJ,New Jersey,Expanded 2014,2014,True,2008,232603,615458,37.80
NJ,New Jersey,Expanded 2014,2014,True,2009,261436,667086,39.20
NJ,New Jersey,Expanded 2014,2014,True,2010,298279,745011,40.00
NJ,New Jersey,Expanded 2014,2014,True,2011,318047,779490,40.80
NJ,New Jersey,Expanded 2014,2014,True,2012,310276,785936,39.50
NJ,New Jersey,Expanded 2014,2014,True,2013,326304,796225,41.00
NJ,New Jersey,Expanded 2014,2014,True,2014,269003,780031,34.50
NJ,New Jersey,Expanded 2014,2014,True,2015,203477,769526,26.40
NJ,New Jersey,Expanded 2014,2014,True,2016,180582,739472,24.40
NJ,New Jersey,Expanded 2014,2014,True,2017,170852,710275,24.10
NJ,New Jersey,Expanded 2014,2014,True,2018,153212,677007,22.60
NJ,New Jersey,Expanded 2014,2014,True,2019,149018,643905,23.10
NJ,New Jersey,Expanded 2014,2014,True,2020,139563,630754,22.10
NJ,New Jersey,Expanded 2014,2014,True,2021,160416,691666,23.20
NJ,New Jersey,Expanded 2014,2014,True,2022,146148,672348,21.70
NJ,New Jersey,Expanded 2014,2014,True,2023,148224,674947,22.00
NM,New Mexico,Expanded 2014,2014,True,2008,137735,277088,49.70
NM,New Mexico,Expanded 2014,2014,True,2009,144194,298512,48.30
NM,New Mexico,Expanded 2014,2014,True,2010,158120,324637,48.70
NM,New Mexico,Expanded 2014,2014,True,2011,167439,344461,48.60
NM,New Mexico,Expanded 2014,2014,True,2012,157254,342013,46.00
NM,New Mexico,Expanded 2014,2014,True,2013,156511,341825,45.80
NM,New Mexico,Expanded 2014,2014,True,2014,118781,336645,35.30
NM,New Mexico,Expanded 2014,2014,True,2015,90102,324895,27.70
NM,New Mexico,Expanded 2014,2014,True,2016,72302,314916,23.00
NM,New Mexico,Expanded 2014,2014,True,2017,66660,302614,22.00
NM,New Mexico,Expanded 2014,2014,True,2018,66934,304702,22.00
NM,New Mexico,Expanded 2014,2014,True,2019,65826,282459,23.30
NM,New Mexico,Expanded 2014,2014,True,2020,60396,274841,22.00
NM,New Mexico,Expanded 2014,2014,True,2021,67198,290574,23.10
NM,New Mexico,Expanded 2014,2014,True,2022,58455,286966,20.40
NM,New Mexico,Expanded 2014,2014,True,2023,58934,276655,21.30
NV,Nevada,Expanded 2014,2014,True,2008,131199,263077,49.90
NV,Nevada,Expanded 2014,2014,True,2009,163103,305666,53.40
NV,Nevada,Expanded 2014,2014,True,2010,177711,339404,52.40
NV,Nevada,Expanded 2014,2014,True,2011,178590,354876,50.30
NV,Nevada,Expanded 2014,2014,True,2012,189937,372113,51.00
NV,Nevada,Expanded 2014,2014,True,2013,182788,372393,49.10
NV,Nevada,Expanded 2014,2014,True,2014,136671,375856,36.40
NV,Nevada,Expanded 2014,2014,True,2015,112884,367925,30.70
NV,Nevada,Expanded 2014,2014,True,2016,101860,359307,28.30
NV,Nevada,Expanded 2014,2014,True,2017,91769,342186,26.80
NV,Nevada,Expanded 2014,2014,True,2018,87702,334182,26.20
NV,Nevada,Expanded 2014,2014,True,2019,88145,319201,27.60
NV,Nevada,Expanded 2014,2014,True,2020,91532,323284,28.30
NV,Nevada,Expanded 2014,2014,True,2021,94533,346478,27.30
NV,Nevada,Expanded 2014,2014,True,2022,86607,336020,25.80
NV,Nevada,Expanded 2014,2014,True,2023,80588,322659,25.00
NY,New York,Excluded (early coverage),2014,False,2008,608799,2102598,29.00
NY,New York,Excluded (early coverage),2014,False,2009,630198,2206634,28.60
NY,New York,Excluded (early coverage),2014,False,2010,684033,2373177,28.80
NY,New York,Excluded (early coverage),2014,False,2011,693356,2530174,27.40
NY,New York,Excluded (early coverage),2014,False,2012,671975,2523581,26.60
NY,New York,Excluded (early coverage),2014,False,2013,649300,2505983,25.90
NY,New York,Excluded (early coverage),2014,False,2014,532800,2483353,21.50
NY,New York,Excluded (early coverage),2014,False,2015,411215,2382351,17.30
NY,New York,Excluded (early coverage),2014,False,2016,335482,2281879,14.70
NY,New York,Excluded (early coverage),2014,False,2017,294916,2196993,13.40
NY,New York,Excluded (early coverage),2014,False,2018,255204,2075613,12.30
NY,New York,Excluded (early coverage),2014,False,2019,233057,1925239,12.10
NY,New York,Excluded (early coverage),2014,False,2020,229796,1876688,12.20
NY,New York,Excluded (early coverage),2014,False,2021,257401,2045310,12.60
NY,New York,Excluded (early coverage),2014,False,2022,242729,2056898,11.80
NY,New York,Excluded (early coverage),2014,False,2023,226299,1995486,11.30
OH,Ohio,Expanded 2014,2014,True,2008,419811,1211312,34.70
OH,Ohio,Expanded 2014,2014,True,2009,490427,1382526,35.50
OH,Ohio,Expanded 2014,2014,True,2010,524324,1466284,35.80
OH,Ohio,Expanded 2014,2014,True,2011,531846,1514886,35.10
OH,Ohio,Expanded 2014,2014,True,2012,507837,1511028,33.60
OH,Ohio,Expanded 2014,2014,True,2013,475089,1502106,31.60
OH,Ohio,Expanded 2014,2014,True,2014,335468,1462507,22.90
OH,Ohio,Expanded 2014,2014,True,2015,232457,1397479,16.60
OH,Ohio,Expanded 2014,2014,True,2016,197660,1353193,14.60
OH,Ohio,Expanded 2014,2014,True,2017,191033,1291211,14.80
OH,Ohio,Expanded 2014,2014,True,2018,197543,1259147,15.70
OH,Ohio,Expanded 2014,2014,True,2019,184999,1199611,15.40
OH,Ohio,Expanded 2014,2014,True,2020,186668,1161690,16.10
OH,Ohio,Expanded 2014,2014,True,2021,190027,1213776,15.70
OH,Ohio,Expanded 2014,2014,True,2022,171440,1221602,14.00
OH,Ohio,Expanded 2014,2014,True,2023,172733,1187150,14.60
OK,Oklahoma,Expanded 2019-2022,2022,True,2008,215481,460404,46.80
OK,Oklahoma,Expanded 2019-2022,2022,True,2009,234997,494341,47.50
OK,Oklahoma,Expanded 2019-2022,2022,True,2010,263590,534068,49.40
OK,Oklahoma,Expanded 2019-2022,2022,True,2011,270068,557090,48.50
OK,Oklahoma,Expanded 2019-2022,2022,True,2012,253885,550608,46.10
OK,Oklahoma,Expanded 2019-2022,2022,True,2013,237888,535873,44.40
OK,Oklahoma,Expanded 2019-2022,2022,True,2014,213558,531139,40.20
OK,Oklahoma,Expanded 2019-2022,2022,True,2015,189854,515627,36.80
OK,Oklahoma,Expanded 2019-2022,2022,True,2016,183442,505925,36.30
OK,Oklahoma,Expanded 2019-2022,2022,True,2017,183516,493595,37.20
OK,Oklahoma,Expanded 2019-2022,2022,True,2018,171964,479901,35.80
OK,Oklahoma,Expanded 2019-2022,2022,True,2019,169761,460678,36.90
OK,Oklahoma,Expanded 2019-2022,2022,True,2020,172941,463312,37.30
OK,Oklahoma,Expanded 2019-2022,2022,True,2021,173290,482303,35.90
OK,Oklahoma,Expanded 2019-2022,2022,True,2022,137254,500897,27.40
OK,Oklahoma,Expanded 2019-2022,2022,True,2023,132405,499204,26.50
OR,Oregon,Expanded 2014,2014,True,2008,176850,429553,41.20
OR,Oregon,Expanded 2014,2014,True,2009,213126,476305,44.70
OR,Oregon,Expanded 2014,2014,True,2010,244269,535469,45.60
OR,Oregon,Expanded 2014,2014,True,2011,232408,573061,40.60
OR,Oregon,Expanded 2014,2014,True,2012,225625,575096,39.20
OR,Oregon,Expanded 2014,2014,True,2013,214623,567793,37.80
OR,Oregon,Expanded 2014,2014,True,2014,133434,562000,23.70
OR,Oregon,Expanded 2014,2014,True,2015,95960,538359,17.80
OR,Oregon,Expanded 2014,2014,True,2016,78736,505619,15.60
OR,Oregon,Expanded 2014,2014,True,2017,79849,484972,16.50
OR,Oregon,Expanded 2014,2014,True,2018,80979,465597,17.40
OR,Oregon,Expanded 2014,2014,True,2019,71327,430180,16.60
OR,Oregon,Expanded 2014,2014,True,2020,65217,421878,15.50
OR,Oregon,Expanded 2014,2014,True,2021,69669,452519,15.40
OR,Oregon,Expanded 2014,2014,True,2022,65649,445206,14.70
OR,Oregon,Expanded 2014,2014,True,2023,57190,428187,13.40
PA,Pennsylvania,Expanded 2015-2017,2015,True,2008,323154,1188555,27.20
PA,Pennsylvania,Expanded 2015-2017,2015,True,2009,375456,1266871,29.60
PA,Pennsylvania,Expanded 2015-2017,2015,True,2010,416914,1394621,29.90
PA,Pennsylvania,Expanded 2015-2017,2015,True,2011,432145,1444309,29.90
PA,Pennsylvania,Expanded 2015-2017,2015,True,2012,424904,1441713,29.50
PA,Pennsylvania,Expanded 2015-2017,2015,True,2013,417551,1424249,29.30
PA,Pennsylvania,Expanded 2015-2017,2015,True,2014,358027,1399126,25.60
PA,Pennsylvania,Expanded 2015-2017,2015,True,2015,243848,1329035,18.30
PA,Pennsylvania,Expanded 2015-2017,2015,True,2016,194409,1296472,15.00
PA,Pennsylvania,Expanded 2015-2017,2015,True,2017,168739,1251030,13.50
PA,Pennsylvania,Expanded 2015-2017,2015,True,2018,174631,1227058,14.20
PA,Pennsylvania,Expanded 2015-2017,2015,True,2019,169220,1171672,14.40
PA,Pennsylvania,Expanded 2015-2017,2015,True,2020,172336,1100287,15.70
PA,Pennsylvania,Expanded 2015-2017,2015,True,2021,164656,1174550,14.00
PA,Pennsylvania,Expanded 2015-2017,2015,True,2022,154586,1178662,13.10
PA,Pennsylvania,Expanded 2015-2017,2015,True,2023,151825,1171069,13.00
RI,Rhode Island,Expanded 2014,2014,True,2008,29267,97812,29.90
RI,Rhode Island,Expanded 2014,2014,True,2009,33877,100950,33.60
RI,Rhode Island,Expanded 2014,2014,True,2010,38441,112150,34.30
RI,Rhode Island,Expanded 2014,2014,True,2011,37920,116881,32.40
RI,Rhode Island,Expanded 2014,2014,True,2012,38302,117679,32.50
RI,Rhode Island,Expanded 2014,2014,True,2013,40280,117462,34.30
RI,Rhode Island,Expanded 2014,2014,True,2014,25097,118233,21.20
RI,Rhode Island,Expanded 2014,2014,True,2015,18108,113110,16.00
RI,Rhode Island,Expanded 2014,2014,True,2016,13659,107242,12.70
RI,Rhode Island,Expanded 2014,2014,True,2017,13831,100827,13.70
RI,Rhode Island,Expanded 2014,2014,True,2018,11347,98250,11.50
RI,Rhode Island,Expanded 2014,2014,True,2019,11340,92273,12.30
RI,Rhode Island,Expanded 2014,2014,True,2020,9590,86991,11.00
RI,Rhode Island,Expanded 2014,2014,True,2021,10924,97954,11.20
RI,Rhode Island,Expanded 2014,2014,True,2022,11700,93336,12.50
RI,Rhode Island,Expanded 2014,2014,True,2023,10826,93669,11.60
SC,South Carolina,Not expanded by 2023,,True,2008,239176,563971,42.40
SC,South Carolina,Not expanded by 2023,,True,2009,270593,623057,43.40
SC,South Carolina,Not expanded by 2023,,True,2010,307864,687444,44.80
SC,South Carolina,Not expanded by 2023,,True,2011,319350,717264,44.50
SC,South Carolina,Not expanded by 2023,,True,2012,316006,716682,44.10
SC,South Carolina,Not expanded by 2023,,True,2013,298647,711939,41.90
SC,South Carolina,Not expanded by 2023,,True,2014,262914,703530,37.40
SC,South Carolina,Not expanded by 2023,,True,2015,209132,677986,30.80
SC,South Carolina,Not expanded by 2023,,True,2016,181158,637702,28.40
SC,South Carolina,Not expanded by 2023,,True,2017,190279,626831,30.40
SC,South Carolina,Not expanded by 2023,,True,2018,171093,608150,28.10
SC,South Carolina,Not expanded by 2023,,True,2019,173542,576056,30.10
SC,South Carolina,Not expanded by 2023,,True,2020,162622,562217,28.90
SC,South Carolina,Not expanded by 2023,,True,2021,152367,576766,26.40
SC,South Carolina,Not expanded by 2023,,True,2022,140458,567817,24.70
SC,South Carolina,Not expanded by 2023,,True,2023,136550,572990,23.80
SD,South Dakota,Not expanded by 2023,2024,True,2008,26490,76598,34.60
SD,South Dakota,Not expanded by 2023,2024,True,2009,35315,90308,39.10
SD,South Dakota,Not expanded by 2023,2024,True,2010,33053,91550,36.10
SD,South Dakota,Not expanded by 2023,2024,True,2011,35093,95555,36.70
SD,South Dakota,Not expanded by 2023,2024,True,2012,32949,94687,34.80
SD,South Dakota,Not expanded by 2023,2024,True,2013,31859,95965,33.20
SD,South Dakota,Not expanded by 2023,2024,True,2014,27732,91915,30.20
SD,South Dakota,Not expanded by 2023,2024,True,2015,26794,87969,30.50
SD,South Dakota,Not expanded by 2023,2024,True,2016,23233,85387,27.20
SD,South Dakota,Not expanded by 2023,2024,True,2017,22846,84104,27.20
SD,South Dakota,Not expanded by 2023,2024,True,2018,24612,83805,29.40
SD,South Dakota,Not expanded by 2023,2024,True,2019,24411,79277,30.80
SD,South Dakota,Not expanded by 2023,2024,True,2020,22030,77500,28.40
SD,South Dakota,Not expanded by 2023,2024,True,2021,22587,77931,29.00
SD,South Dakota,Not expanded by 2023,2024,True,2022,19536,79339,24.60
SD,South Dakota,Not expanded by 2023,2024,True,2023,18093,77902,23.20
TN,Tennessee,Not expanded by 2023,,True,2008,281471,786898,35.80
TN,Tennessee,Not expanded by 2023,,True,2009,347926,884699,39.30
TN,Tennessee,Not expanded by 2023,,True,2010,367766,935423,39.30
TN,Tennessee,Not expanded by 2023,,True,2011,393421,972196,40.50
TN,Tennessee,Not expanded by 2023,,True,2012,372273,975185,38.20
TN,Tennessee,Not expanded by 2023,,True,2013,366609,962980,38.10
TN,Tennessee,Not expanded by 2023,,True,2014,314435,966342,32.50
TN,Tennessee,Not expanded by 2023,,True,2015,268398,914633,29.30
TN,Tennessee,Not expanded by 2023,,True,2016,221726,873230,25.40
TN,Tennessee,Not expanded by 2023,,True,2017,223605,844553,26.50
TN,Tennessee,Not expanded by 2023,,True,2018,226019,832403,27.20
TN,Tennessee,Not expanded by 2023,,True,2019,226739,785775,28.90
TN,Tennessee,Not expanded by 2023,,True,2020,207836,753261,27.60
TN,Tennessee,Not expanded by 2023,,True,2021,220125,787109,28.00
TN,Tennessee,Not expanded by 2023,,True,2022,191990,773932,24.80
TN,Tennessee,Not expanded by 2023,,True,2023,181423,754603,24.00
TX,Texas,Not expanded by 2023,,True,2008,1741466,3048917,57.10
TX,Texas,Not expanded by 2023,,True,2009,1928781,3334489,57.80
TX,Texas,Not expanded by 2023,,True,2010,2082211,3634117,57.30
TX,Texas,Not expanded by 2023,,True,2011,2154601,3810665,56.50
TX,Texas,Not expanded by 2023,,True,2012,2106695,3806379,55.30
TX,Texas,Not expanded by 2023,,True,2013,2025269,3746960,54.10
TX,Texas,Not expanded by 2023,,True,2014,1773239,3689257,48.10
TX,Texas,Not expanded by 2023,,True,2015,1595812,3536168,45.10
TX,Texas,Not expanded by 2023,,True,2016,1519351,3441313,44.20
TX,Texas,Not expanded by 2023,,True,2017,1477818,3318250,44.50
TX,Texas,Not expanded by 2023,,True,2018,1466762,3281624,44.70
TX,Texas,Not expanded by 2023,,True,2019,1429468,3110720,46.00
TX,Texas,Not expanded by 2023,,True,2020,1352858,3014202,44.90
TX,Texas,Not expanded by 2023,,True,2021,1435312,3203017,44.80
TX,Texas,Not expanded by 2023,,True,2022,1340036,3235365,41.40
TX,Texas,Not expanded by 2023,,True,2023,1274323,3218442,39.60
UT,Utah,Expanded 2019-2022,2020,True,2008,97504,249238,39.10
UT,Utah,Expanded 2019-2022,2020,True,2009,114158,297092,38.40
UT,Utah,Expanded 2019-2022,2020,True,2010,124653,308873,40.40
UT,Utah,Expanded 2019-2022,2020,True,2011,132643,325596,40.70
UT,Utah,Expanded 2019-2022,2020,True,2012,124236,323564,38.40
UT,Utah,Expanded 2019-2022,2020,True,2013,119541,319162,37.50
UT,Utah,Expanded 2019-2022,2020,True,2014,107470,314178,34.20
UT,Utah,Expanded 2019-2022,2020,True,2015,88927,301877,29.50
UT,Utah,Expanded 2019-2022,2020,True,2016,70703,291872,24.20
UT,Utah,Expanded 2019-2022,2020,True,2017,69418,275667,25.20
UT,Utah,Expanded 2019-2022,2020,True,2018,66573,269760,24.70
UT,Utah,Expanded 2019-2022,2020,True,2019,64993,259946,25.00
UT,Utah,Expanded 2019-2022,2020,True,2020,57399,242786,23.60
UT,Utah,Expanded 2019-2022,2020,True,2021,57627,268619,21.50
UT,Utah,Expanded 2019-2022,2020,True,2022,51932,257321,20.20
UT,Utah,Expanded 2019-2022,2020,True,2023,51729,263493,19.60
VA,Virginia,Expanded 2019-2022,2019,True,2008,248370,673216,36.90
VA,Virginia,Expanded 2019-2022,2019,True,2009,279559,732092,38.20
VA,Virginia,Expanded 2019-2022,2019,True,2010,325997,795141,41.00
VA,Virginia,Expanded 2019-2022,2019,True,2011,331115,840271,39.40
VA,Virginia,Expanded 2019-2022,2019,True,2012,332215,848129,39.20
VA,Virginia,Expanded 2019-2022,2019,True,2013,318711,845480,37.70
VA,Virginia,Expanded 2019-2022,2019,True,2014,278770,825990,33.70
VA,Virginia,Expanded 2019-2022,2019,True,2015,229522,794046,28.90
VA,Virginia,Expanded 2019-2022,2019,True,2016,209388,767946,27.30
VA,Virginia,Expanded 2019-2022,2019,True,2017,198545,746098,26.60
VA,Virginia,Expanded 2019-2022,2019,True,2018,192475,729308,26.40
VA,Virginia,Expanded 2019-2022,2019,True,2019,149711,691625,21.60
VA,Virginia,Expanded 2019-2022,2019,True,2020,129236,660083,19.60
VA,Virginia,Expanded 2019-2022,2019,True,2021,125839,695618,18.10
VA,Virginia,Expanded 2019-2022,2019,True,2022,115821,720079,16.10
VA,Virginia,Expanded 2019-2022,2019,True,2023,112636,690348,16.30
VT,Vermont,Excluded (early coverage),2014,False,2008,13708,59150,23.20
VT,Vermont,Excluded (early coverage),2014,False,2009,14898,65704,22.70
VT,Vermont,Excluded (early coverage),2014,False,2010,14605,69489,21.00
VT,Vermont,Excluded (early coverage),2014,False,2011,12089,69468,17.40
VT,Vermont,Excluded (early coverage),2014,False,2012,12272,70236,17.50
VT,Vermont,Excluded (early coverage),2014,False,2013,12900,71003,18.20
VT,Vermont,Excluded (early coverage),2014,False,2014,8957,69625,12.90
VT,Vermont,Excluded (early coverage),2014,False,2015,6408,64704,9.90
VT,Vermont,Excluded (early coverage),2014,False,2016,5908,63212,9.30
VT,Vermont,Excluded (early coverage),2014,False,2017,6218,62474,10.00
VT,Vermont,Excluded (early coverage),2014,False,2018,5625,58685,9.60
VT,Vermont,Excluded (early coverage),2014,False,2019,6100,57236,10.70
VT,Vermont,Excluded (early coverage),2014,False,2020,5570,52757,10.60
VT,Vermont,Excluded (early coverage),2014,False,2021,5505,57724,9.50
VT,Vermont,Excluded (early coverage),2014,False,2022,5814,57718,10.10
VT,Vermont,Excluded (early coverage),2014,False,2023,5042,55100,9.20
WA,Washington,Expanded 2014,2014,True,2008,225116,642922,35.00
WA,Washington,Expanded 2014,2014,True,2009,271298,711135,38.10
WA,Washington,Expanded 2014,2014,True,2010,321649,787077,40.90
WA,Washington,Expanded 2014,2014,True,2011,341698,829055,41.20
WA,Washington,Expanded 2014,2014,True,2012,323341,825577,39.20
WA,Washington,Expanded 2014,2014,True,2013,324817,829090,39.20
WA,Washington,Expanded 2014,2014,True,2014,200462,805265,24.90
WA,Washington,Expanded 2014,2014,True,2015,138276,762250,18.10
WA,Washington,Expanded 2014,2014,True,2016,118445,727242,16.30
WA,Washington,Expanded 2014,2014,True,2017,114235,690566,16.50
WA,Washington,Expanded 2014,2014,True,2018,108708,670893,16.20
WA,Washington,Expanded 2014,2014,True,2019,106490,629149,16.90
WA,Washington,Expanded 2014,2014,True,2020,97215,613171,15.90
WA,Washington,Expanded 2014,2014,True,2021,106375,638710,16.70
WA,Washington,Expanded 2014,2014,True,2022,105396,641862,16.40
WA,Washington,Expanded 2014,2014,True,2023,103087,639416,16.10
WI,Wisconsin,Not expanded by 2023,,True,2008,142873,485073,29.50
WI,Wisconsin,Not expanded by 2023,,True,2009,166003,577909,28.70
WI,Wisconsin,Not expanded by 2023,,True,2010,177345,617602,28.70
WI,Wisconsin,Not expanded by 2023,,True,2011,172621,630717,27.40
WI,Wisconsin,Not expanded by 2023,,True,2012,178618,638536,28.00
WI,Wisconsin,Not expanded by 2023,,True,2013,177791,637259,27.90
WI,Wisconsin,Not expanded by 2023,,True,2014,137592,622789,22.10
WI,Wisconsin,Not expanded by 2023,,True,2015,97808,586577,16.70
WI,Wisconsin,Not expanded by 2023,,True,2016,83680,562980,14.90
WI,Wisconsin,Not expanded by 2023,,True,2017,81819,542377,15.10
WI,Wisconsin,Not expanded by 2023,,True,2018,79519,525515,15.10
WI,Wisconsin,Not expanded by 2023,,True,2019,78248,492228,15.90
WI,Wisconsin,Not expanded by 2023,,True,2020,75233,466078,16.10
WI,Wisconsin,Not expanded by 2023,,True,2021,74702,504946,14.80
WI,Wisconsin,Not expanded by 2023,,True,2022,69765,509380,13.70
WI,Wisconsin,Not expanded by 2023,,True,2023,65067,492342,13.20
WV,West Virginia,Expanded 2014,2014,True,2008,106559,266505,40.00
WV,West Virginia,Expanded 2014,2014,True,2009,106486,275362,38.70
WV,West Virginia,Expanded 2014,2014,True,2010,115556,288239,40.10
WV,West Virginia,Expanded 2014,2014,True,2011,118956,297357,40.00
WV,West Virginia,Expanded 2014,2014,True,2012,118755,290913,40.80
WV,West Virginia,Expanded 2014,2014,True,2013,109821,286013,38.40
WV,West Virginia,Expanded 2014,2014,True,2014,58926,282900,20.80
WV,West Virginia,Expanded 2014,2014,True,2015,38772,270526,14.30
WV,West Virginia,Expanded 2014,2014,True,2016,34700,264879,13.10
WV,West Virginia,Expanded 2014,2014,True,2017,37519,256281,14.60
WV,West Virginia,Expanded 2014,2014,True,2018,36818,247682,14.90
WV,West Virginia,Expanded 2014,2014,True,2019,35430,234253,15.10
WV,West Virginia,Expanded 2014,2014,True,2020,36362,224782,16.20
WV,West Virginia,Expanded 2014,2014,True,2021,35501,247597,14.30
WV,West Virginia,Expanded 2014,2014,True,2022,32583,244053,13.40
WV,West Virginia,Expanded 2014,2014,True,2023,33922,234162,14.50
WY,Wyoming,Not expanded by 2023,,True,2008,18816,47358,39.70
WY,Wyoming,Not expanded by 2023,,True,2009,21470,50703,42.30
WY,Wyoming,Not expanded by 2023,,True,2010,24218,56784,42.70
WY,Wyoming,Not expanded by 2023,,True,2011,23782,58591,40.60
WY,Wyoming,Not expanded by 2023,,True,2012,24043,61272,39.20
WY,Wyoming,Not expanded by 2023,,True,2013,22479,59123,38.00
WY,Wyoming,Not expanded by 2023,,True,2014,19340,58351,33.10
WY,Wyoming,Not expanded by 2023,,True,2015,17008,54212,31.40
WY,Wyoming,Not expanded by 2023,,True,2016,16425,54608,30.10
WY,Wyoming,Not expanded by 2023,,True,2017,16515,53238,31.00
WY,Wyoming,Not expanded by 2023,,True,2018,14087,51340,27.40
WY,Wyoming,Not expanded by 2023,,True,2019,14905,48665,30.60
WY,Wyoming,Not expanded by 2023,,True,2020,14913,45403,32.80
WY,Wyoming,Not expanded by 2023,,True,2021,16630,52605,31.60
WY,Wyoming,Not expanded by 2023,,True,2022,16042,53660,29.90
WY,Wyoming,Not expanded by 2023,,True,2023,14628,51636,28.30
