year,actual,without_expansion
2013,37.59346589025609,37.59346589025609
2021,17.4571099805918,26.18231982466559
2015,20.175164218356407,27.693489738153918
2008,39.07118648399647,39.07118648399647
2023,15.957781082181791,21.461665825607547
2014,27.379779260536893,31.695095356622414
2010,40.72377205293787,40.72377205293787
2019,18.15133602907753,27.70890501875184
2020,17.666404718510265,26.34579155294909
2011,39.55303476826809,39.55303476826809
2022,16.05518538259549,22.79195045245742
2017,17.407480879958754,26.633931048900436
2016,17.735698521299835,26.015254028324122
2012,38.842868193580024,38.842868193580024
2018,17.381714519051275,26.53981605723559
2009,40.14956622567102,40.14956622567102
